compound_id,smiles,salt,polymer,monomeric_unit
0,COC,0,0,
1,CC(C)(C(=O)OCCCS(=O)(=O)[N-]S(=O)(=O)C(F)(F)F)COCCOCCOCCOCCOCCOCCOCCOCCOCCOCCC,0,1,[Cu]C(C)(C(=O)OCCCS(=O)(=O)[N-]S(=O)(=O)C(F)(F)F)COCCOCCOCCOCCOCCOCCOCCOCCOCCOCC[Au]
2,O=S(=O)([N-]S(=O)(=O)C(F)(F)C(F)(F)C(F)(F)C(F)(F)F)C(F)(F)F.[Li+],1,0,
3,CCN(C)CC,0,1,[Cu]CN(C)C[Au]
4,O=C1OC(C)CO1,0,0,
5,C[N+]1(CCC)CCCC1.O=S(C(F)(F)F)([N-]S(=O)(C(F)(F)F)=O)=O,1,0,
6,C[P-](OC1=O)(OC1=O)(OC2=O)(OC2=O)OCCOCCOCCOCCOCCOCCOCCOCCOCCC,0,1,[Cu][P-](OC1=O)(OC1=O)(OC2=O)(OC2=O)OCCOCCOCCOCCOCCOCCOCCOCCOCC[Au]
7,CSCCSCCSCCOCCOCCOCCOCC,0,1,[Cu]SCCSCCSCCOCCOCCOCCOC[Au]
8,CCOC(OC)=O,0,0,
9,CCC(C1=CC=C(S(=O)(=O)[N-]S(=O)(=O)C(F)(F)F)C=C1)C(C(OCCOCCOCCOCCOCCOCCOCCOCCOC)=O)CC,0,1,[Cu]CC(C1=CC=C(S(=O)(=O)[N-]S(=O)(=O)C(F)(F)F)C=C1)C(C(OCCOCCOCCOCCOCCOCCOCCOCCOC)=O)C[Au]
10,C[B-]1(OC(=O)CC(=O)O1)OCCOCCOCCOCCOCCOCCOCCOCCOCCC,0,1,[Cu][B-]1(OC(=O)CC(=O)O1)OCCOCCOCCOCCOCCOCCOCCOCCOCC[Au]
11,CCC(COOCCOCCOCCOCCOC)(C)C,0,1,[Cu]CC(COOCCOCCOCCOCCOC)(C)[Au]
12,FC(F)(F)c1cc([B-](c2cc(C(F)(F)F)cc(C(F)(F)F)c2)(c2cc(C(F)(F)F)cc(C(F)(F)F)c2)c2cc(C(F)(F)F)cc(C(F)(F)F)c2)cc(C(F)(F)F)c1.[Li+],1,0,
13,COCCOCCOCCOCC1=C(COCCOCCOCCOC)C=CC=C1,0,0,
14,O=S(=O)([B-](S(=O)(=O)C(F)(F)F)(S(=O)(=O)C(F)(F)F)S(=O)(=O)C(F)(F)F)C(F)(F)F.[Li+],1,0,
15,COC(=O)OCCCCCCC,0,1,[Cu]OC(=O)OCCCCCC[Au]
16,F[B-](F)(C(F)(F)C(F)(F)F)C(F)(F)C(F)(F)F.[Li+],1,0,
17,COC(=O)OC(C)CC,0,1,[Cu]OC(=O)OC(C)C[Au]
18,CC1=CC=CC=C1,0,0,
19,O=S(=O)([N-]S(=O)(=O)C(F)(F)C(F)(F)C(F)(F)C(F)(F)C(F)(F)C(F)(F)C(F)(F)C(F)(F)F)C(F)(F)F.[Li+],1,0,
20,CCC(C([O-])=O)C,0,1,[Cu]CC(C([O-])=O)[Au]
21,C[Al-](SC1=CC=CO1)(SC2=CC=CO2)OCCOCCOCCC,0,1,[Cu][Al-](SC1=CC=CO1)(SC2=CC=CO2)OCCOCCOCC[Au]
22,[Li+].[O-][Cl+3]([O-])([O-])[O-],1,0,
23,CCCCCOCCOCCOCCOCCC,0,1,[Cu]CCCCOCCOCCOCCOCC[Au]
24,CCC(Cl)C,0,1,[Cu]CC(Cl)[Au]
25,C[Si](CCOCCOCCOC1=CC=C([B-](C3=CC=CC=C3)(C4=CC=CC=C4)C2=CC=CC=C2)C=C1)(C)O[Si](CCCOC(O1)COC1=O)(C)O[Si](CCCOC(O1)COC1=O)(C)O[Si](CCCOC(O1)COC1=O)(C)O[Si](CCCOC(O1)COC1=O)(C)O[Si](CCCOC(O1)COC1=O)(C)O[Si](CCCOC(O1)COC1=O)(C)O[Si](CCCOC(O1)COC1=O)(C)O[Si](CCCOC(O1)COC1=O)(C)O[Si](CCCOC(O1)COC1=O)(C)O[Si](CCCOC(O1)COC1=O)(C)O[Si](CCCOC(O1)COC1=O)(C)O[Si](CCCOC(O1)COC1=O)(C)O[Si](CCCOC(O1)COC1=O)(C)O[Si](CCCOC(O1)COC1=O)(C)O[Si](CCCOC(O1)COC1=O)(C)O[Si](CCCOC(O1)COC1=O)(C)O[Si](CCCOC(O1)COC1=O)(C)O[Si](CCCOC(O1)COC1=O)(C)O[Si](CCCOC(O1)COC1=O)(C)O[Si](CCCOC(O1)COC1=O)(C)O[Si](CCCOC(O1)COC1=O)(C)O[Si](CCCOC(O1)COC1=O)(C)O[Si](CCCOC(O1)COC1=O)(C)O[Si](CCCOC(O1)COC1=O)(C)O[Si](CCCOC(O1)COC1=O)(C)O[Si](CCCOC(O1)COC1=O)(C)O[Si](CCCOC(O1)COC1=O)(C)O[Si](CCCOC(O1)COC1=O)(C)O[Si](CCCOC(O1)COC1=O)(C)O[Si](CCCOC(O1)COC1=O)(C)O[Si](CCCOC(O1)COC1=O)(C)O[Si](CCCOC(O1)COC1=O)(C)O[Si](CCCOC(O1)COC1=O)(C)O[Si](CCCOC(O1)COC1=O)(C)O[Si](CCCOC(O1)COC1=O)(C)O[Si](CCCOC(O1)COC1=O)(C)O[Si](CCCOC(O1)COC1=O)(C)O[Si](CCCOC(O1)COC1=O)(C)O[Si](CCCOC(O1)COC1=O)(C)O[Si](CCCOC(O1)COC1=O)(C)O[Si](CCCOC(O1)COC1=O)(C)O[Si](CCCOC(O1)COC1=O)(C)O[Si](CCCOC(O1)COC1=O)(C)O[Si](CCCOC(O1)COC1=O)(C)O[Si](CCCOC(O1)COC1=O)(C)O[Si](CCCOC(O1)COC1=O)(C)O[Si](CCCOC(O1)COC1=O)(C)O[Si](CCCOC(O1)COC1=O)(C)O[Si](CCCOC(O1)COC1=O)(C)OC,0,1,[Cu][Si](CCOCCOCCOC1=CC=C([B-](C3=CC=CC=C3)(C4=CC=CC=C4)C2=CC=CC=C2)C=C1)(C)O[Si](CCCOC(O1)COC1=O)(C)O[Si](CCCOC(O1)COC1=O)(C)O[Si](CCCOC(O1)COC1=O)(C)O[Si](CCCOC(O1)COC1=O)(C)O[Si](CCCOC(O1)COC1=O)(C)O[Si](CCCOC(O1)COC1=O)(C)O[Si](CCCOC(O1)COC1=O)(C)O[Si](CCCOC(O1)COC1=O)(C)O[Si](CCCOC(O1)COC1=O)(C)O[Si](CCCOC(O1)COC1=O)(C)O[Si](CCCOC(O1)COC1=O)(C)O[Si](CCCOC(O1)COC1=O)(C)O[Si](CCCOC(O1)COC1=O)(C)O[Si](CCCOC(O1)COC1=O)(C)O[Si](CCCOC(O1)COC1=O)(C)O[Si](CCCOC(O1)COC1=O)(C)O[Si](CCCOC(O1)COC1=O)(C)O[Si](CCCOC(O1)COC1=O)(C)O[Si](CCCOC(O1)COC1=O)(C)O[Si](CCCOC(O1)COC1=O)(C)O[Si](CCCOC(O1)COC1=O)(C)O[Si](CCCOC(O1)COC1=O)(C)O[Si](CCCOC(O1)COC1=O)(C)O[Si](CCCOC(O1)COC1=O)(C)O[Si](CCCOC(O1)COC1=O)(C)O[Si](CCCOC(O1)COC1=O)(C)O[Si](CCCOC(O1)COC1=O)(C)O[Si](CCCOC(O1)COC1=O)(C)O[Si](CCCOC(O1)COC1=O)(C)O[Si](CCCOC(O1)COC1=O)(C)O[Si](CCCOC(O1)COC1=O)(C)O[Si](CCCOC(O1)COC1=O)(C)O[Si](CCCOC(O1)COC1=O)(C)O[Si](CCCOC(O1)COC1=O)(C)O[Si](CCCOC(O1)COC1=O)(C)O[Si](CCCOC(O1)COC1=O)(C)O[Si](CCCOC(O1)COC1=O)(C)O[Si](CCCOC(O1)COC1=O)(C)O[Si](CCCOC(O1)COC1=O)(C)O[Si](CCCOC(O1)COC1=O)(C)O[Si](CCCOC(O1)COC1=O)(C)O[Si](CCCOC(O1)COC1=O)(C)O[Si](CCCOC(O1)COC1=O)(C)O[Si](CCCOC(O1)COC1=O)(C)O[Si](CCCOC(O1)COC1=O)(C)O[Si](CCCOC(O1)COC1=O)(C)O[Si](CCCOC(O1)COC1=O)(C)O[Si](CCCOC(O1)COC1=O)(C)O[Si](CCCOC(O1)COC1=O)(C)O[Au]
26,CC(=O)CN(CCOCCOC)C,0,1,[Cu]C(=O)CN(CCOCCOC)[Au]
27,CC(C)/C=C/C(C([O-])=O)C,0,1,[Cu]C(C)/C=C/C(C([O-])=O)[Au]
28,C(COCCOCCOCCOCCOCCOCCOCCO)O,0,0,
29,CC#N,0,0,
30,O=S(=O)([B-](F)(S(=O)(=O)C(F)(F)F)S(=O)(=O)C(F)(F)F)C(F)(F)F.[Li+],1,0,
31,COCCOCCOCCOCC1COB(C2=CC=C(B3OCC(O3)COCCOCCOCCOC)C=C2)O1,0,0,
32,CCC(C1=CC=C(S(=O)(=O)[N-]S(=O)(=O)C(F)(F)F)C=C1)C(C(OCCOCCOCCOCCOCCOCCOCCOCCOC)=O)CC(C(OCCOCCOCCOCCOCCOCCOCCOCCOC)=O)CC(C(OCCOCCOCCOCCOCCOCCOCCOCCOC)=O)CC,0,1,[Cu]CC(C1=CC=C(S(=O)(=O)[N-]S(=O)(=O)C(F)(F)F)C=C1)C(C(OCCOCCOCCOCCOCCOCCOCCOCCOC)=O)CC(C(OCCOCCOCCOCCOCCOCCOCCOCCOC)=O)CC(C(OCCOCCOCCOCCOCCOCCOCCOCCOC)=O)C[Au]
33,C[Al-](OC1=CC=CO1)(OC2=CC=CO2)OCCOCCOCCOCCOCCOCCOCCOCCC,0,1,[Cu][Al-](OC1=CC=CO1)(OC2=CC=CO2)OCCOCCOCCOCCOCCOCCOCCOCC[Au]
34,COC(=O)OCC(CC)(COCC=C)CC,0,1,[Cu]OC(=O)OCC(CC)(COCC=C)C[Au]
35,CC(=O)CN(CCOCCOCCOC)C,0,1,[Cu]C(=O)CN(CCOCCOCCOC)[Au]
36,CCC(C(=O)OCC1OC(=O)OC1)C,0,1,[Cu]CC(C(=O)OCC1OC(=O)OC1)[Au]
37,[Cl-].[Li+],1,0,
38,O=S(N(CC)CC)(N(CC)CC)=O,0,0,
39,COC(=O)CCCCCOC(=O)OCCCC,0,1,[Cu]OC(=O)CCCCCOC(=O)OCCC[Au]
40,CCC(C1=CC=C(S(=O)(=O)[N-]S(=O)(=O)C(F)(F)F)C=C1)CC(C1=CC=C(S(=O)(=O)[N-]S(=O)(=O)C(F)(F)F)C=C1)CC(C1=CC=C(S(=O)(=O)[N-]S(=O)(=O)C(F)(F)F)C=C1)C(C(OCCOCCOCCOCCOCCOCCOCCOCCOC)=O)CC,0,1,[Cu]CC(C1=CC=C(S(=O)(=O)[N-]S(=O)(=O)C(F)(F)F)C=C1)CC(C1=CC=C(S(=O)(=O)[N-]S(=O)(=O)C(F)(F)F)C=C1)CC(C1=CC=C(S(=O)(=O)[N-]S(=O)(=O)C(F)(F)F)C=C1)C(C(OCCOCCOCCOCCOCCOCCOCCOCCOC)=O)C[Au]
41,C[B-]1(OC(=O)C(=O)O1)OCC(C)OCC(C)OCC(C)OCC(C)OCC(C)OCC(C)OCC(C)OCC(C)OCC(C)OCC(C)OCC(C)OCC(C)OCC(C)OCC(C)OCC(C)OCC(C)C,0,1,[Cu][B-]1(OC(=O)C(=O)O1)OCC(C)OCC(C)OCC(C)OCC(C)OCC(C)OCC(C)OCC(C)OCC(C)OCC(C)OCC(C)OCC(C)OCC(C)OCC(C)OCC(C)OCC(C)OCC(C)[Au]
42,C[Al-](SC1=CC=CO1)(SC2=CC=CO2)OCCOCCOCCOCCOCCOCCOCCOCCOCCOCCOCCOCCOCCOCCOCCOCCOCCOCCOCCOCCOCCOCCOCCOCCOCCOCCOCCOCCOCCOCCOCCOCCOCCOCCC,0,1,[Cu][Al-](SC1=CC=CO1)(SC2=CC=CO2)OCCOCCOCCOCCOCCOCCOCCOCCOCCOCCOCCOCCOCCOCCOCCOCCOCCOCCOCCOCCOCCOCCOCCOCCOCCOCCOCCOCCOCCOCCOCCOCCOCCOCC[Au]
43,CC(C(OC)=O)(C)CC,0,1,[Cu]C(C(OC)=O)(C)C[Au]
44,O=S(=O)([B-](F)(F)F)C(F)(F)F.[Li+],1,0,
45,CCC1=CC=C(C=C1)B2OB(C3=CC=C(C=C3)COCCOCCOCCOCCO)O[B-]4(O2)OB(C5=CC=C(C=C5)COCCOCCOCCOCCO)OB(O4)C6=CC=C(C=C6)CC,0,1,[Cu]CC1=CC=C(C=C1)B2OB(C3=CC=C(C=C3)COCCOCCOCCOCCO)O[B-]4(O2)OB(C5=CC=C(C=C5)COCCOCCOCCOCCO)OB(O4)C6=CC=C(C=C6)C[Au]
46,C[Al-](SC1=CC=CO1)(SC2=CC=CO2)SCCSC,0,1,[Cu][Al-](SC1=CC=CO1)(SC2=CC=CO2)SCCS[Au]
47,COC(C1=O)=C(C1=O)OC1=C(OCC)C=C(C(OCC)=C1)C,0,1,[Cu]OC(C1=O)=C(C1=O)OC1=C(OCC)C=C(C(OCC)=C1)[Au]
48,CCCCCCC(=O)OC,0,1,[Cu]CCCCCC(=O)O[Au]
49,OCCOCCOCCOCCOCCOCCOCCOCCO,0,0,
50,COC(=O)OC(CCC)CC,0,1,[Cu]OC(=O)OC(CCC)C[Au]
51,COC(=O)OCCCCC,0,1,[Cu]OC(=O)OCCCC[Au]
52,COCCOCOCC,0,1,[Cu]OCCOCOC[Au]
53,N#C[N-]S(=O)(=O)C(F)(F)C(F)(F)C(F)(F)C(F)(F)F.[Li+],1,0,
54,COB(C1=C(C=C(C=C1C)C)C)OCCOCCOCCC,0,1,[Cu]OB(C1=C(C=C(C=C1C)C)C)OCCOCCOCC[Au]
55,COC(=O)OCCCCCCCC,0,1,[Cu]OC(=O)OCCCCCCC[Au]
56,O=S(=O)([B-](F)(S(=O)(=O)C(F)(F)C(F)(F)F)S(=O)(=O)C(F)(F)C(F)(F)F)C(F)(F)C(F)(F)F.[Li+],1,0,
57,F[B-](F)(C(F)(F)F)C(F)(F)F.[Li+],1,0,
58,CCN1C=C[N+](C)=C1.F[B-](F)(F)F,1,0,
59,C[N+]1(CCC)CCCC1.O=S(F)([N-]S(=O)(F)=O)=O,1,0,
60,C[B-]1(OC(=O)C(=O)O1)OCCOCCOCCOCCOCCOCCOCCOCCOCCOCCOCCOCCOCCC,0,1,[Cu][B-]1(OC(=O)C(=O)O1)OCCOCCOCCOCCOCCOCCOCCOCCOCCOCCOCCOCCOCC[Au]
61,O=S1(=O)[N-]S(=O)(=O)C(F)(F)C(F)(F)C1(F)F.[Li+],1,0,
62,O=S(=O)([O-])C(F)(F)C(F)(F)C(F)(F)C(F)(F)C(F)(F)C(F)(F)C(F)(F)C(F)(F)F.[Li+],1,0,
63,COC(=O)OC(COCC)CC,0,1,[Cu]OC(=O)OC(COCC)C[Au]
64,CC(C)(C(=O)OCCCS(=O)(=O)[N-]S(=O)(=O)C(F)(F)F)COCCOCCOCCOCCOCCOCCOCCOCCOCCOCCOCCOCCC,0,1,[Cu]C(C)(C(=O)OCCCS(=O)(=O)[N-]S(=O)(=O)C(F)(F)F)COCCOCCOCCOCCOCCOCCOCCOCCOCCOCCOCCOCC[Au]
65,NCCN(CCN)CCN,0,0,
66,CC(C1=CC=C(NC(=O)CC2=C(OC)C=CC=C2(OC))C=C1)CC,0,1,[Cu]C(C1=CC=C(NC(=O)CC2=C(OC)C=CC=C2(OC))C=C1)C[Au]
67,B(F)(F)F.CCOCC,1,0,
68,CC1N(C(=O)C)C(=O)N(C(=O)C)C1C,0,1,[Cu]C1N(C(=O)C)C(=O)N(C(=O)C)C1[Au]
69,C[Al-](OC1=CC=CO1)(OC2=CC=CO2)OCCOCCOCCOCCOCCOCCC,0,1,[Cu][Al-](OC1=CC=CO1)(OC2=CC=CO2)OCCOCCOCCOCCOCCOCC[Au]
70,CCC(C)(C#N)C,0,1,[Cu]CC(C)(C#N)[Au]
71,CCCCCOCCOCCOCCOCCOCCC,0,1,[Cu]CCCCOCCOCCOCCOCCOCC[Au]
72,C[Al-](OCC)(OCC)SCCOCCSC,0,1,[Cu][Al-](OCC)(OCC)SCCOCCS[Au]
73,COC(OC)=O,0,0,
74,C[N+]1(COC)CCCC1.O=S([N-]S(=O)(F)=O)(F)=O,1,0,
75,C[B-]1(OC(=O)C(=O)O1)OCC(C)OCC(C)OCC(C)OCC(C)OCC(C)OCC(C)OCC(C)OCC(C)OCC(C)OCC(C)OCC(C)OCC(C)OCC(C)C,0,1,[Cu][B-]1(OC(=O)C(=O)O1)OCC(C)OCC(C)OCC(C)OCC(C)OCC(C)OCC(C)OCC(C)OCC(C)OCC(C)OCC(C)OCC(C)OCC(C)OCC(C)[Au]
76,CCCOS(=O)OC,0,1,[Cu]CCOS(=O)O[Au]
77,COS(=O)OCCCCC,0,1,[Cu]OS(=O)OCCCC[Au]
78,COC(=O)CCC,0,1,[Cu]OC(=O)CC[Au]
79,COCCCB(C1=C(C)C=C(C)C=C1(C))COCCOCCOCCOCCC,0,1,[Cu]OCCCB(C1=C(C)C=C(C)C=C1(C))COCCOCCOCCOCC[Au]
80,C[Al-](SC1=CC=CO1)(SC2=CC=CO2)OCCOCCOCCOCCOCCOCCOCCOCCOCCOCCOCCOCCOCCOCCOCCOCCOCCOCCOCCOCCOCCOCCC,0,1,[Cu][Al-](SC1=CC=CO1)(SC2=CC=CO2)OCCOCCOCCOCCOCCOCCOCCOCCOCCOCCOCCOCCOCCOCCOCCOCCOCCOCCOCCOCCOCCOCC[Au]
81,[S-]C#N.[Li+],1,0,
82,CCCOCCOS(=O)OC,0,1,[Cu]CCOCCOS(=O)O[Au]
83,C[N+](CC)(C)CC.O=S([N-]S(=O)(F)=O)(F)=O,1,0,
84,O=S(=O)([N-]S(=O)(=O)C(F)(F)F)c1c(F)c(F)c(F)c(F)c1F.[Li+],1,0,
85,C[Si](C)(C)OCCOCCOCCOCCOCCOCCOCCOCCOCCOC,0,1,[Cu][Si](C)(C)OCCOCCOCCOCCOCCOCCOCCOCCOCCO[Au]
86,O=S(=O)([B-](F)(F)S(=O)(=O)C(F)(F)C(F)(F)F)C(F)(F)C(F)(F)F.[Li+],1,0,
87,CCC(C#N)C,0,1,[Cu]CC(C#N)[Au]
88,CCC(C1=CC=C(S([N-]S(C(F)(F)F)(=O)=O)(=O)=O)C=C1)OCCOCCOCCOCCOCCOCCOCCOCCOCCOCCOCCOCCOCCOCCOCCOCCC,0,1,[Cu]CC(C1=CC=C(S([N-]S(C(F)(F)F)(=O)=O)(=O)=O)C=C1)OCCOCCOCCOCCOCCOCCOCCOCCOCCOCCOCCOCCOCCOCCOCCOCC[Au]
89,COCCOCCOCCOCCOCCOCCOCCOCCOCCOC(COCC=C)CC,0,1,[Cu]OCCOCCOCCOCCOCCOCCOCCOCCOCCOC(COCC=C)C[Au]
90,COC(C1=O)=C(C1=O)OC1=CC=C(C=C1)C,0,1,[Cu]OC(C1=O)=C(C1=O)OC1=CC=C(C=C1)[Au]
91,C[Si](C)(CCC[N-]S(C(F)(F)F)(=O)=O)O[Si](C)(CCCOCCOCCOCCOC)O[Si](C)(CCCOCCOCCOCCOC)O[Si](C)(CCCOCCOCCOCCOC)O[Si](C)(CCCOCCOCCOCCOC)O[Si](C)(CCCOCCOCCOCCOC)O[Si](C)(CCCOCCOCCOCCOC)O[Si](C)(CCCOCCOCCOCCOC)O[Si](C)(CCCOCCOCCOCCOC)O[Si](C)(CCCOCCOCCOCCOC)O[Si](C)(CCCOCCOCCOCCOC)OC,0,1,[Cu][Si](C)(CCC[N-]S(C(F)(F)F)(=O)=O)O[Si](C)(CCCOCCOCCOCCOC)O[Si](C)(CCCOCCOCCOCCOC)O[Si](C)(CCCOCCOCCOCCOC)O[Si](C)(CCCOCCOCCOCCOC)O[Si](C)(CCCOCCOCCOCCOC)O[Si](C)(CCCOCCOCCOCCOC)O[Si](C)(CCCOCCOCCOCCOC)O[Si](C)(CCCOCCOCCOCCOC)O[Si](C)(CCCOCCOCCOCCOC)O[Si](C)(CCCOCCOCCOCCOC)O[Au]
92,[Li+].c1ccc2c(c1)O[B-]1(O2)Oc2ccccc2O1,1,0,
93,C(COCCOCCOCCO)O,0,0,
94,COC(=O)OCCOCCOCCOCCC,0,1,[Cu]OC(=O)OCCOCCOCCOCC[Au]
95,CCC1C(=O)O[B-](OC2(=O))(OC2(=O))OC(=O)C(C1)C,0,1,[Cu]CC1C(=O)O[B-](OC2(=O))(OC2(=O))OC(=O)C(C1)[Au]
96,C[Al-](OCCOCCOCCOC)(OCCOCCOCCOC)SCCOCCSC,0,1,[Cu][Al-](OCCOCCOCCOC)(OCCOCCOCCOC)SCCOCCS[Au]
97,C[P-](OC1=O)(OC1=O)(OC2=O)(OC2=O)OCCOCCOCCOCCOCCOCCOCCC,0,1,[Cu][P-](OC1=O)(OC1=O)(OC2=O)(OC2=O)OCCOCCOCCOCCOCCOCCOCC[Au]
98,C[Al-](OC1=CC=CO1)(OC2=CC=CO2)OCCOCCOCCC,0,1,[Cu][Al-](OC1=CC=CO1)(OC2=CC=CO2)OCCOCCOCC[Au]
99,[H][C@]12OC[C@@H](O)[C@@]1([H])OC[C@@H]2O,0,0,
100,C[Al-](OC1=CC=CO1)(OC2=CC=CO2)OCCOCCOCCOCCC,0,1,[Cu][Al-](OC1=CC=CO1)(OC2=CC=CO2)OCCOCCOCCOCC[Au]
101,CCOCC,0,0,
102,CCCOCCOCCOCCOCCOCCC,0,1,[Cu]CCOCCOCCOCCOCCOCC[Au]
103,ClCCl,0,0,
104,CS(CCC1C(=O)O[B-](OC1=O)(OC2(=O))OC(=O)C2C)CC(=O)OCC(COC(=O)CSCCC1C(=O)O[B-](OC1=O)(OC2(=O))OC(=O)C2C)(COC(=O)CSCCC1C(=O)O[B-](OC1=O)(OC2(=O))OC(=O)C2C)COC(=O)CSCCC1C(=O)O[B-](OC1=O)(OC2(=O))OC(=O)C2CC,0,1,[Cu]S(CCC1C(=O)O[B-](OC1=O)(OC2(=O))OC(=O)C2C)CC(=O)OCC(COC(=O)CSCCC1C(=O)O[B-](OC1=O)(OC2(=O))OC(=O)C2C)(COC(=O)CSCCC1C(=O)O[B-](OC1=O)(OC2(=O))OC(=O)C2C)COC(=O)CSCCC1C(=O)O[B-](OC1=O)(OC2(=O))OC(=O)C2C[Au]
105,C[P-](OC1=O)(OC1=O)(OC2=O)(OC2=O)OCCOCCOCCOCCC,0,1,[Cu][P-](OC1=O)(OC1=O)(OC2=O)(OC2=O)OCCOCCOCCOCC[Au]
106,O=S(=O)([N-]S(=O)(=O)C(C(F)(F)F)C(F)(F)F)C(C(F)(F)F)C(F)(F)F.[Li+],1,0,
107,CC(F)(F)C(F)(F)OC(F)(F)C(F)(F)S(=O)(=O)[N-]S(=O)(=O)C,0,1,[Cu]C(F)(F)C(F)(F)OC(F)(F)C(F)(F)S(=O)(=O)[N-]S(=O)(=O)[Au]
108,[H][C@]12OC[C@H](OC)[C@@]1([H])OC[C@H]2OC,0,0,
109,CC(OCCOCCOCCOCCOC)CC,0,1,[Cu]C(OCCOCCOCCOCCOC)C[Au]
110,CC(=O)CCCCC(=O)OCCOC,0,1,[Cu]C(=O)CCCCC(=O)OCCO[Au]
111,COC(=O)OCCOCCC,0,1,[Cu]OC(=O)OCCOCC[Au]
112,CCCCCCCOCCOCCOCCOCCC,0,1,[Cu]CCCCCCOCCOCCOCCOCC[Au]
113,[O-][N+]([O-])=O.[Li+],1,0,
114,CC(COCCCSCCOCCOC)OCC,0,1,[Cu]C(COCCCSCCOCCOC)OC[Au]
115,COCCOC(=O)CCC(=O)C,0,1,[Cu]OCCOC(=O)CCC(=O)[Au]
116,O=S(=O)([N-]S(=O)(=O)C(F)(F)C(F)(F)F)C(F)(F)C(F)(F)F.[Li+],1,0,
117,CCCCCCCCOC(=O)CCCCC(=O)OCCCCCCCC,0,0,
118,COCCOCCOCCOCCOCCOCCOCCOCCOCCOCCOCCOCCOCCC(=O)OC,0,1,[Cu]OCCOCCOCCOCCOCCOCCOCCOCCOCCOCCOCCOCCOCCC(=O)O[Au]
119,COCC(CC)(C(NC(COCCC#N)(COCCC#N)COCCC#N)=O)CC,0,1,[Cu]OCC(CC)(C(NC(COCCC#N)(COCCC#N)COCCC#N)=O)C[Au]
120,COCC(CC)(COCCC#N)CC,0,1,[Cu]OCC(CC)(COCCC#N)C[Au]
121,COCCOCCOCCOCC1=CC=C(COCCOCCOCCOC)C=C1,0,0,
122,CC(OCCOCCOCCOCCOCCOC)CC,0,1,[Cu]C(OCCOCCOCCOCCOCCOC)C[Au]
123,CC1CCCO1,0,0,
124,CCC(C(=O)OCCOCCOC)C,0,1,[Cu]CC(C(=O)OCCOCCOC)[Au]
125,N#C[C-](C#N)S(=O)(=O)C(F)(F)F.[Li+],1,0,
126,COCCOCCOCCOCC1=CN(CCOCCOCCOCCOC)N=N1,0,0,
127,C[B-]1(OC(=O)C(=O)O1)OCCOCCOCCOCCOCCOCCOCCOCCOCCOCCOCCOCCOCCOCCOCCOCCOCCOCCOCCOCCOCCOCCC,0,1,[Cu][B-]1(OC(=O)C(=O)O1)OCCOCCOCCOCCOCCOCCOCCOCCOCCOCCOCCOCCOCCOCCOCCOCCOCCOCCOCCOCCOCCOCC[Au]
128,CCC(C)(C(=O)OC)C,0,1,[Cu]CC(C)(C(=O)OC)[Au]
129,COCCOCCOCCOCCOCCOCCOCCOC(COCC=C)CC,0,1,[Cu]OCCOCCOCCOCCOCCOCCOCCOC(COCC=C)C[Au]
130,O=C(OCCOCCOCCOC)OCCOCCOCCOC,0,0,
131,N#C[C-](C#N)S(=O)(=O)C(F)(F)C(F)(F)C(F)(F)C(F)(F)F.[Li+],1,0,
132,COCCOCCOCCOCC1COB(B2OCC(O2)COCCOCCOCCOC)O1,0,0,
133,C[B-]1(OC(=O)CC(=O)O1)OCCOCCOCCOCCOCCOCCOCCOCCOCCOCCOCCOCCOCCC,0,1,[Cu][B-]1(OC(=O)CC(=O)O1)OCCOCCOCCOCCOCCOCCOCCOCCOCCOCCOCCOCCOCC[Au]
134,CSCCSCCOCCCCOCC,0,1,[Cu]SCCSCCOCCCCOC[Au]
135,COC(=O)OCCCCCC,0,1,[Cu]OC(=O)OCCCCC[Au]
136,C[B-]1(OC(=O)CC(=O)O1)OCCOCCOCCOCCOCCOCCOCCOCCOCCOCCOCCOCCOCCOCCOCCOCCOCCOCCOCCOCCOCCOCCC,0,1,[Cu][B-]1(OC(=O)CC(=O)O1)OCCOCCOCCOCCOCCOCCOCCOCCOCCOCCOCCOCCOCCOCCOCCOCCOCCOCCOCCOCCOCCOCC[Au]
137,CSCCCCSCCOCCCCOCC,0,1,[Cu]SCCCCSCCOCCCCOC[Au]
138,C[Si](C)(CCC[N-]S(C(F)(F)F)(=O)=O)O[Si](C)(CCC[N-]S(C(F)(F)F)(=O)=O)O[Si](C)(CCCOCCOCCOCCOC)O[Si](C)(CCCOCCOCCOCCOC)O[Si](C)(CCCOCCOCCOCCOC)O[Si](C)(CCCOCCOCCOCCOC)O[Si](C)(CCCOCCOCCOCCOC)O[Si](C)(CCCOCCOCCOCCOC)O[Si](C)(CCCOCCOCCOCCOC)OC,0,1,[Cu][Si](C)(CCC[N-]S(C(F)(F)F)(=O)=O)O[Si](C)(CCC[N-]S(C(F)(F)F)(=O)=O)O[Si](C)(CCCOCCOCCOCCOC)O[Si](C)(CCCOCCOCCOCCOC)O[Si](C)(CCCOCCOCCOCCOC)O[Si](C)(CCCOCCOCCOCCOC)O[Si](C)(CCCOCCOCCOCCOC)O[Si](C)(CCCOCCOCCOCCOC)O[Si](C)(CCCOCCOCCOCCOC)O[Au]
139,CCC(C([N-]S(=O)(C(F)(F)F)=O)=O)C,0,1,[Cu]CC(C([N-]S(=O)(C(F)(F)F)=O)=O)[Au]
140,COC(=O)OCCCCCCCCCC,0,1,[Cu]OC(=O)OCCCCCCCCC[Au]
141,CCCOCCOCCOCCOCCC,0,1,[Cu]CCOCCOCCOCCOCC[Au]
142,C[Si](C)(CCC[N-]S(C(F)(F)F)(=O)=O)O[Si](C)(CCC[N-]S(C(F)(F)F)(=O)=O)O[Si](C)(CCCOCCOCCOCCOC)O[Si](C)(CCCOCCOCCOCCOC)O[Si](C)(CCCOCCOCCOCCOC)O[Si](C)(CCCOCCOCCOCCOC)O[Si](C)(CCCOCCOCCOCCOC)O[Si](C)(CCCOCCOCCOCCOC)O[Si](C)(CCCOCCOCCOCCOC)O[Si](C)(CCCOCCOCCOCCOC)O[Si](C)(CCCOCCOCCOCCOC)O[Si](C)(CCCOCCOCCOCCOC)O[Si](C)(CCCOCCOCCOCCOC)OC,0,1,[Cu][Si](C)(CCC[N-]S(C(F)(F)F)(=O)=O)O[Si](C)(CCC[N-]S(C(F)(F)F)(=O)=O)O[Si](C)(CCCOCCOCCOCCOC)O[Si](C)(CCCOCCOCCOCCOC)O[Si](C)(CCCOCCOCCOCCOC)O[Si](C)(CCCOCCOCCOCCOC)O[Si](C)(CCCOCCOCCOCCOC)O[Si](C)(CCCOCCOCCOCCOC)O[Si](C)(CCCOCCOCCOCCOC)O[Si](C)(CCCOCCOCCOCCOC)O[Si](C)(CCCOCCOCCOCCOC)O[Si](C)(CCCOCCOCCOCCOC)O[Si](C)(CCCOCCOCCOCCOC)O[Au]
143,CC(=O)OCCCCCC(C1=CC=CC=C1)CC,0,1,[Cu]C(=O)OCCCCCC(C1=CC=CC=C1)C[Au]
144,COC(=O)OC(CC1=CC=CC=C1)CC,0,1,[Cu]OC(=O)OC(CC1=CC=CC=C1)C[Au]
145,CC(=O)COCC(=O)OC(C)COC,0,1,[Cu]C(=O)COCC(=O)OC(C)CO[Au]
146,COC(=O)OCCCCCCCCCCC,0,1,[Cu]OC(=O)OCCCCCCCCCC[Au]
147,COCCOCCOCCOCC,0,1,[Cu]OCCOCCOCCOC[Au]
148,CC(=O)CN(CCOC)C,0,1,[Cu]C(=O)CN(CCOC)[Au]
149,O=C1O[B-]2(OC1=O)OC(=O)C(=O)O2.[Li+],1,0,
150,CC(C)(C(=O)OCCCS(=O)(=O)[N-]S(=O)(=O)C(F)(F)F)COCCOCCOCCOCCOCCOCCOCCOCCOCCOCCOCCOCCOCCOCCOCCOCCOCCC,0,1,[Cu]C(C)(C(=O)OCCCS(=O)(=O)[N-]S(=O)(=O)C(F)(F)F)COCCOCCOCCOCCOCCOCCOCCOCCOCCOCCOCCOCCOCCOCCOCCOCCOCC[Au]
151,O=S(=O)([O-])C(F)(F)F.[Li+],1,0,
152,F[B-](F)(F)C(F)(F)C(F)(F)F.[Li+],1,0,
153,COC1CC(O)C(CO)O1,0,0,
154,CCC(CCSCCCC(=O)NCCN1C=NC=C1)C,0,1,[Cu]CC(CCSCCCC(=O)NCCN1C=NC=C1)[Au]
155,COC(=O)OCCCCCCCCCCCCC,0,1,[Cu]OC(=O)OCCCCCCCCCCCC[Au]
156,COCCOCCOCCOCCOCC,0,1,[Cu]OCCOCCOCCOCCOC[Au]
157,CCC(C1=CC=C(S([N-]S(C(F)(F)F)(=O)=O)(=O)=O)C=C1)OCCOCCOCCOCCOCCOCCOCCOCCOCCOCCOCCOCCOCCOCCOCCOCCOCCOCCOCCOCCOCCOCCOCCOCCOCCOCCC,0,1,[Cu]CC(C1=CC=C(S([N-]S(C(F)(F)F)(=O)=O)(=O)=O)C=C1)OCCOCCOCCOCCOCCOCCOCCOCCOCCOCCOCCOCCOCCOCCOCCOCCOCCOCCOCCOCCOCCOCCOCCOCCOCCOCC[Au]
158,CCC(C1=CC=C(S([N-]S(C(F)(F)F)(=O)=O)(=O)=O)C=C1)OCCOCCOCCOCCOCCOCCOCCC,0,1,[Cu]CC(C1=CC=C(S([N-]S(C(F)(F)F)(=O)=O)(=O)=O)C=C1)OCCOCCOCCOCCOCCOCCOCC[Au]
159,C[N+]1(CCCC1)CCCC.O=S([N-]S(=O)(F)=O)(F)=O,1,0,
160,C[Si](C)(CCSCCCC(=O)NCCN1C=NC=C1)OC,0,1,[Cu][Si](C)(CCSCCCC(=O)NCCN1C=NC=C1)O[Au]
161,O=S(=O)([B-](F)(F)S(=O)(=O)C(F)(F)F)C(F)(F)F.[Li+],1,0,
162,COCCOCCOCCOCCOCCOCCOCCOCCOCCOCCOCCOCCOCCOCCOCCOCCOCCOCCOCCOCCOCCOCCC(=O)OC,0,1,[Cu]OCCOCCOCCOCCOCCOCCOCCOCCOCCOCCOCCOCCOCCOCCOCCOCCOCCOCCOCCOCCOCCOCCC(=O)O[Au]
163,C[Al-](OCCOCCOCCOCCOCCOCCOCC)(OCCOCCOCCOCCOCCOCCOCC)SCCOCCSC,0,1,[Cu][Al-](OCCOCCOCCOCCOCCOCCOCC)(OCCOCCOCCOCCOCCOCCOCC)SCCOCCS[Au]
164,COC(=O)OCC(OC)(OC)CC,0,1,[Cu]OC(=O)OCC(OC)(OC)C[Au]
165,COC(=O)OCCOCCOCCC,0,1,[Cu]OC(=O)OCCOCCOCC[Au]
166,C[Al-](SC1=CC=CO1)(SC2=CC=CO2)OCCOCCC,0,1,[Cu][Al-](SC1=CC=CO1)(SC2=CC=CO2)OCCOCC[Au]
167,C[Al-](SC1=CC=CO1)(SC2=CC=CO2)OCCOCCOCCOCCC,0,1,[Cu][Al-](SC1=CC=CO1)(SC2=CC=CO2)OCCOCCOCCOCC[Au]
168,CS(=O)(=O)CCOCCOCCS(=O)(=O)CCOCCOCCOCCOCC,0,1,[Cu]S(=O)(=O)CCOCCOCCS(=O)(=O)CCOCCOCCOCCOC[Au]
169,O=S([N-]S(=O)(C(F)(F)F)=O)(C(F)(F)F)=O.[Li+],1,0,
170,F[B-](F)(F)C(F)(F)F.[Li+],1,0,
171,C[B-]1(OC(=O)C(=O)O1)OCCOCCOCCOCCOCCC,0,1,[Cu][B-]1(OC(=O)C(=O)O1)OCCOCCOCCOCCOCC[Au]
172,CCC(F)(F)C(F)(F)C(F)(C(F)(F)(F))C,0,1,[Cu]CC(F)(F)C(F)(F)C(F)(C(F)(F)(F))[Au]
173,CC(C)C[P+](C)(C)C.O=S(=O)(F)[N-]S(=O)(=O)F,1,0,
174,[Li+].c1ccc2c(c1)O[B-]1(Oc3ccccc3-2)Oc2ccccc2-c2ccccc2O1,1,0,
175,CCC(C1=CC=C(S([N-]S(C(F)(F)F)(=O)=O)(=O)=O)C=C1)OCCOCCOCCOCCOCCOCCOCCOCCOCCOCCOCCOCCOCCOCCOCCOCCOCCOCCC,0,1,[Cu]CC(C1=CC=C(S([N-]S(C(F)(F)F)(=O)=O)(=O)=O)C=C1)OCCOCCOCCOCCOCCOCCOCCOCCOCCOCCOCCOCCOCCOCCOCCOCCOCCOCC[Au]
176,COCCOCCCC(c1ccccc1)CC(c1ccccc1)C,0,1,[Cu]OCCOCCCC(c1ccccc1)CC(c1ccccc1)[Au]
177,CCC(C1=CC=C(S([N-]S(C(F)(F)F)(=O)=O)(=O)=O)C=C1)OCCOCCOCCOCCOCCOCCOCCOCCOCCC,0,1,[Cu]CC(C1=CC=C(S([N-]S(C(F)(F)F)(=O)=O)(=O)=O)C=C1)OCCOCCOCCOCCOCCOCCOCCOCCOCC[Au]
178,C[Al-](OC1=CC=CO1)(OC2=CC=CO2)OCCOCCC,0,1,[Cu][Al-](OC1=CC=CO1)(OC2=CC=CO2)OCCOCC[Au]
179,CN(C)CCC,0,1,[Cu]N(C)CC[Au]
180,COCCOCCOCCOCCOCCOCCOCCOCCOCCOCCOCCOCCOCCOCCOCCOCCOCCOCCOCCOCCOCCOCCOCCOCCOCCOCCOCCOCCOCCOCCOCCOCCOCCOCCC(=O)OC,0,1,[Cu]OCCOCCOCCOCCOCCOCCOCCOCCOCCOCCOCCOCCOCCOCCOCCOCCOCCOCCOCCOCCOCCOCCOCCOCCOCCOCCOCCOCCOCCOCCOCCOCCOCCOCCC(=O)O[Au]
181,CC(OCCOCCOCCOC)CC,0,1,[Cu]C(OCCOCCOCCOC)C[Au]
182,NCCNCCNCCNCCNCCN,0,0,
183,COC(=O)OCCC,0,1,[Cu]OC(=O)OCC[Au]
184,C[Al-](OCCOCCOC)(OCCOCCOC)SCCOCCSC,0,1,[Cu][Al-](OCCOCCOC)(OCCOCCOC)SCCOCCS[Au]
185,O=S(=O)(CC(F)(F)C(F)F)[N-]S(=O)(=O)CC(F)(F)C(F)F.[Li+],1,0,
186,NCCNCCNCCNCCN,0,0,
187,ClCCOCCOCCOCCCl,0,0,
188,O=C1OCC(F)O1,0,0,
189,CC(=O)CCCCC(=O)OCCCCOC,0,1,[Cu]C(=O)CCCCC(=O)OCCCCO[Au]
190,CC1CC(O[B-](OC2=O)(OC2=O)O1)CC,0,1,[Cu]C1CC(O[B-](OC2=O)(OC2=O)O1)C[Au]
191,COC(F)(F)C(F)(F)OC(F)(F)C(F)(F)OC(F)(F)C(F)(F)OC(F)(F)C(F)(F)OC(F)(F)C(F)(F)OC(F)(F)C(F)(F)OC(F)(F)C(F)(F)OC(F)(F)OC(F)(F)OC(F)(F)C,0,1,[Cu]OC(F)(F)C(F)(F)OC(F)(F)C(F)(F)OC(F)(F)C(F)(F)OC(F)(F)C(F)(F)OC(F)(F)C(F)(F)OC(F)(F)C(F)(F)OC(F)(F)C(F)(F)OC(F)(F)OC(F)(F)OC(F)(F)[Au]
192,C[B-](OC)(OC)OC(=O)C(F)(F)C(F)(F)C(F)(F)C(=O)OOCCOCCOCCOCCOCCOCCOCCOCCOCCOCCOCCC,0,1,[Cu][B-](O[Ca])(O[Ca])OC(=O)C(F)(F)C(F)(F)C(F)(F)C(=O)OOCCOCCOCCOCCOCCOCCOCCOCCOCCOCCOCC[Au]
193,FC(F)(C1=NC(C#N)=C([N-]1)C#N)F.CCCCN2C=C[N+](C)=C2,1,0,
194,CC(C)(C)COc1c(F)c(N2CCCCC2)c(F)c(OCC(C)(C)C)c1S(=O)(=O)[N-]S(=O)(=O)C(F)(F)F.[Li+],1,0,
195,O=C1OC(C)C(C)O1,0,0,
196,C1=CC=CC=C1,0,0,
197,CC(=O)COCC(=O)OC(COCCOCCOC)COC,0,1,[Cu]C(=O)COCC(=O)OC(COCCOCCOC)CO[Au]
198,CC(=O)CC(=O)OCCOC,0,1,[Cu]C(=O)CC(=O)OCCO[Au]
199,CC(=O)OCC(COCC(COC(C)=O)(COC(C)=O)COC(C)=O)(COCC(COC(C)=O)(COC(C)=O)COC(C)=O)COC(C)=O,0,0,
200,O=S(=O)([C-](S(=O)(=O)C(F)(F)F)S(=O)(=O)C(F)(F)F)C(F)(F)F.[Li+],1,0,
201,C[N+]1(CCC)CCCC1.O=S([N-]S(=O)(F)=O)(F)=O,1,0,
202,CSCCCCCCCCSCCOCCCCOCC,0,1,[Cu]SCCCCCCCCSCCOCCCCOC[Au]
203,C[Si](CCC1OC(=O)OC1)(CCC1OC(=O)OC1)CCCC,0,1,[Cu][Si](CCC1OC(=O)OC1)(CCC1OC(=O)OC1)CCC[Au]
204,O=S1(CCCC1)=O,0,0,
205,CNCCCC,0,1,[Cu]NCCC[Au]
206,CCC(C)(C(=O)OCCO)C,0,1,[Cu]CC(C)(C(=O)OCCO)[Au]
207,CC(=O)CCCC(=O)OC(C)COC,0,1,[Cu]C(=O)CCCC(=O)OC(C)CO[Au]
208,N#Cc1nc(C(F)(F)C(F)(F)F)[n-]c1C#N.[Li+],1,0,
209,C[Al-](OCCOCCOCCOCCOCCOCCOCCOCCOCCOCCOCCOCC)(OCCOCCOCCOCCOCCOCCOCCOCCOCCOCCOCCOCC)SCCOCCSC,0,1,[Cu][Al-](OCCOCCOCCOCCOCCOCCOCCOCCOCCOCCOCCOCC)(OCCOCCOCCOCCOCCOCCOCCOCCOCCOCCOCCOCC)SCCOCCS[Au]
210,[Br-].[Li+],1,0,
211,N#Cc1nc(C(F)(F)F)[n-]c1C#N.[Li+],1,0,
212,O=C1OCCO1,0,0,
213,C[Si](C)(CCC1OC(=O)OC1)CCCC,0,1,[Cu][Si](C)(CCC1OC(=O)OC1)CCC[Au]
214,COCCC[N-]S(=O)(=O)C(F)(F)F.[Li+],1,0,
215,COCCOCCOCCOCCOCCOCCOCCOCCOC(COCC=C)CC,0,1,[Cu]OCCOCCOCCOCCOCCOCCOCCOCCOC(COCC=C)C[Au]
216,CNCCC,0,1,[Cu]NCC[Au]
217,COCCOCCOCCOCCO,0,0,
218,CO[B-](C1=CC=CC=C1)(C2=C(C=C(C=C2C)C)C)OCCOCCOCCOCCC,0,1,[Cu]O[B-](C1=CC=CC=C1)(C2=C(C=C(C=C2C)C)C)OCCOCCOCCOCC[Au]
219,CCC(C(=C1)C=CC(=C1)S(=O)(=O)[O-])C,0,1,[Cu]CC(C(=C1)C=CC(=C1)S(=O)(=O)[O-])[Au]
220,COCCOCC,0,1,[Cu]OCCOC[Au]
221,C[Al-](SC1=CC=CO1)(SC2=CC=CO2)SCCSCCSC,0,1,[Cu][Al-](SC1=CC=CO1)(SC2=CC=CO2)SCCSCCS[Au]
222,O=S(=O)([N-]S(=O)(=O)C(F)(F)F)c1cccc(S(=O)(=O)[N-]S(=O)(=O)C(F)(F)F)c1.[Li+].[Li+],1,0,
223,CCCC1C(=O)N(C(C)COC(C)COC(C)COC(C)COC(C)COC(C)COC(C)COC(C)COC(C)COC(C)COOCCOCCOCCOCCOCCOCCOCCOCCOCCOCCOCCOCCOCCOCCOCCOCCOCCOCCOCCOCCOCCOCCOCCOCCOCCOCCOCCOCCOCCOCCOCC)C(=O)C1C,0,1,[Cu]CCC1C(=O)N(C(C)COC(C)COC(C)COC(C)COC(C)COC(C)COC(C)COC(C)COC(C)COC(C)COOCCOCCOCCOCCOCCOCCOCCOCCOCCOCCOCCOCCOCCOCCOCCOCCOCCOCCOCCOCCOCCOCCOCCOCCOCCOCCOCCOCCOCCOCCOCC)C(=O)C1[Au]
224,N#C[N-]S(=O)(=O)C(F)(F)F.[Li+],1,0,
225,F[As-](F)(F)(F)(F)F.[Li+],1,0,
226,CCC1C[N+](C)(C)CC1CC.O=S([N-]S(=O)(C(F)(F)F)=O)(C(F)(F)F)=O,1,1,[Cu]CC1C[N+](C)(C)CC1C[Au].O=S([N-]S(=O)(C(F)(F)F)=O)(C(F)(F)F)=O
227,[H][C@]12OC[C@@H](O)[C@@]1([H])OC[C@H]2O,0,0,
228,COC(=O)OC(COC(C)C)CC,0,1,[Cu]OC(=O)OC(COC(C)C)C[Au]
229,C[B-](OC)(OC)OC(=O)C(F)(F)C(F)(F)C(F)(F)C(=O)OOCCOCCOCCC,0,1,[Cu][B-](O[Ca])(O[Ca])OC(=O)C(F)(F)C(F)(F)C(F)(F)C(=O)OOCCOCCOCC[Au]
230,CCOC(=O)C1=CC=CC=C1C(=O)OCC,0,0,
231,CSCCSCCOCCOCCOCCOCC,0,1,[Cu]SCCSCCOCCOCCOCCOC[Au]
232,CC(=O)COCC(=O)OC(COCC=C)COC,0,1,[Cu]C(=O)COCC(=O)OC(COCC=C)CO[Au]
233,CC(COCCCSCCCC(=O)NCCN1C=NC=C1)OCC,0,1,[Cu]C(COCCCSCCCC(=O)NCCN1C=NC=C1)OC[Au]
234,O=S(=O)([N-]S(=O)(=O)C(F)(F)C(F)(F)C(F)(F)F)C(F)(F)C(F)(F)C(F)(F)F.[Li+],1,0,
235,CCC(C(=O)OCCOCCOCCOC)C,0,1,[Cu]CC(C(=O)OCCOCCOCCOC)[Au]
236,C1CCOC1,0,0,
237,O=C(NCCOCCOCCOC)NCCOCCOCCOC,0,0,
238,O=S(=O)(F)[N-]S(=O)(=O)F.[Li+],1,0,
239,C[P-](OC1=O)(OC1=O)(OC2=O)(OC2=O)OCCOCCOCCOCCOCCOCCOCCOCCOCCOCCOCCOCCOCCC,0,1,[Cu][P-](OC1=O)(OC1=O)(OC2=O)(OC2=O)OCCOCCOCCOCCOCCOCCOCCOCCOCCOCCOCCOCCOCC[Au]
240,CC(C)(C(=O)OCCCS(=O)(=O)[N-]S(=O)(=O)C(F)(F)F)COCCOCCOCCOCCOCCOCCOCCOCCOCCOCCOCCOCCOCCOCCOCCOCCOCCOCCOCCOCCOCCOCCOCCOCCOCCOCCOCCOCCOCCOCCOCCOCCOCCOCCOCCOCCOCCOCCOCCOCCOCCOCCOCCOCCOCCC,0,1,[Cu]C(C)(C(=O)OCCCS(=O)(=O)[N-]S(=O)(=O)C(F)(F)F)COCCOCCOCCOCCOCCOCCOCCOCCOCCOCCOCCOCCOCCOCCOCCOCCOCCOCCOCCOCCOCCOCCOCCOCCOCCOCCOCCOCCOCCOCCOCCOCCOCCOCCOCCOCCOCCOCCOCCOCCOCCOCCOCCOCCOCC[Au]
241,C[Si](C)(C)OCCOC,0,1,[Cu][Si](C)(C)OCCO[Au]
242,O=S(=O)([N-]S(=O)(=O)C(F)(F)F)C(F)(F)F.[Li+],1,0,
243,CCOC(=O)CCC(=O)OCC,0,1,[Cu]COC(=O)CCC(=O)OC[Au]
244,CC(=O)OC1OC(=O)OC1OC(=O)C,0,1,[Cu]C(=O)OC1OC(=O)OC1OC(=O)[Au]
245,C[P+](C)(CC(C)C)C.FS([N-]S(F)(=O)=O)(=O)=O,1,0,
246,O=S1(C(C)CCC1)=O,0,0,
247,CC(C(OC)=O)(C)CC(C(OCCOCCOCCOCCOCCOCCOCCOCCOCCOC)=O)(C)CC(C(OC)=O)(C)CC,0,1,[Cu]C(C(OC)=O)(C)CC(C(OCCOCCOCCOCCOCCOCCOCCOCCOCCOC)=O)(C)CC(C(OC)=O)(C)C[Au]
248,COC(COCCCSCCCC(=O)NCCN1C=NC=C1)COCCOCCOCCOCCOCCC,0,1,[Cu]OC(COCCCSCCCC(=O)NCCN1C=NC=C1)COCCOCCOCCOCCOCC[Au]
249,COCCOCCOCCOCCOCCOCCOCCOCCOCCOCCOCCOCCOCCOCCOCCOCCOCCOCCOCCOCCOCCOCCOCCOCCOCCOCCOCCOCCOCCOCCOCCOCCOCCOCCOCCOCCOCCOCCOCCOCCOCCOCCOCCOCCOCCC(=O)OC,0,1,[Cu]OCCOCCOCCOCCOCCOCCOCCOCCOCCOCCOCCOCCOCCOCCOCCOCCOCCOCCOCCOCCOCCOCCOCCOCCOCCOCCOCCOCCOCCOCCOCCOCCOCCOCCOCCOCCOCCOCCOCCOCCOCCOCCOCCOCCOCCC(=O)O[Au]
250,COC(=O)OC(CC)CC,0,1,[Cu]OC(=O)OC(CC)C[Au]
251,COC(=O)CCCCCC,0,1,[Cu]OC(=O)CCCCC[Au]
252,CCC(C1=CC=C(S(=O)(=O)[N-]S(=O)(=O)C(F)(F)F)C=C1)C,0,1,[Cu]CC(C1=CC=C(S(=O)(=O)[N-]S(=O)(=O)C(F)(F)F)C=C1)[Au]
253,CCC(OCC)C,0,1,[Cu]CC(OCC)[Au]
254,COC(=O)OCC(CC)(COCCCCCCC)CC,0,1,[Cu]OC(=O)OCC(CC)(COCCCCCCC)C[Au]
255,COCP(=S)(CC1=CC=CC=C1)COCC(C(C)=C1(C))=C(C)C(C)=C1CC,0,1,[Cu]OCP(=S)(CC1=CC=CC=C1)COCC(C(C)=C1(C))=C(C)C(C)=C1C[Au]
256,COCOC,0,0,
257,CC(=O)OCCCCCC,0,1,[Cu]C(=O)OCCCCC[Au]
258,S=C(NCCOCCOCCOC)NCCOCCOCCOC,0,0,
259,CCC(C)(C(OCCOCCOCCOCCOCCOCCO)=O)C,0,1,[Cu]CC(C)(C(OCCOCCOCCOCCOCCOCCO)=O)[Au]
260,CCCCOC(=O)C1=CC=CC=C1C(=O)OCCCC,0,0,
261,C[B-]1(OC(=O)C(=O)O1)OCCOCCOCCOCCOCCOCCOCCOCCOCCC,0,1,[Cu][B-]1(OC(=O)C(=O)O1)OCCOCCOCCOCCOCCOCCOCCOCCOCC[Au]
262,O=C([O-])C(F)(F)C(F)(F)F.[Li+],1,0,
263,O=C([O-])C(F)(F)C(F)(F)C(F)(F)C(=O)[O-].[Li+].[Li+],1,0,
264,COCCCB(C1=C(C)C=C(C)C=C1(C))COCCOCCOCCC,0,1,[Cu]OCCCB(C1=C(C)C=C(C)C=C1(C))COCCOCCOCC[Au]
265,C[Si](CCC1=CC=C([B-](C3=CC=CC=C3)(C4=CC=CC=C4)C2=CC=CC=C2)C=C1)(C)O[Si](CCCOC(O1)COC1=O)(C)O[Si](CCCOC(O1)COC1=O)(C)O[Si](CCCOC(O1)COC1=O)(C)O[Si](CCCOC(O1)COC1=O)(C)O[Si](CCCOC(O1)COC1=O)(C)O[Si](CCCOC(O1)COC1=O)(C)O[Si](CCCOC(O1)COC1=O)(C)O[Si](CCCOC(O1)COC1=O)(C)O[Si](CCCOC(O1)COC1=O)(C)O[Si](CCCOC(O1)COC1=O)(C)O[Si](CCCOC(O1)COC1=O)(C)O[Si](CCCOC(O1)COC1=O)(C)O[Si](CCCOC(O1)COC1=O)(C)O[Si](CCCOC(O1)COC1=O)(C)O[Si](CCCOC(O1)COC1=O)(C)O[Si](CCCOC(O1)COC1=O)(C)O[Si](CCCOC(O1)COC1=O)(C)O[Si](CCCOC(O1)COC1=O)(C)O[Si](CCCOC(O1)COC1=O)(C)OC,0,1,[Cu][Si](CCC1=CC=C([B-](C3=CC=CC=C3)(C4=CC=CC=C4)C2=CC=CC=C2)C=C1)(C)O[Si](CCCOC(O1)COC1=O)(C)O[Si](CCCOC(O1)COC1=O)(C)O[Si](CCCOC(O1)COC1=O)(C)O[Si](CCCOC(O1)COC1=O)(C)O[Si](CCCOC(O1)COC1=O)(C)O[Si](CCCOC(O1)COC1=O)(C)O[Si](CCCOC(O1)COC1=O)(C)O[Si](CCCOC(O1)COC1=O)(C)O[Si](CCCOC(O1)COC1=O)(C)O[Si](CCCOC(O1)COC1=O)(C)O[Si](CCCOC(O1)COC1=O)(C)O[Si](CCCOC(O1)COC1=O)(C)O[Si](CCCOC(O1)COC1=O)(C)O[Si](CCCOC(O1)COC1=O)(C)O[Si](CCCOC(O1)COC1=O)(C)O[Si](CCCOC(O1)COC1=O)(C)O[Si](CCCOC(O1)COC1=O)(C)O[Si](CCCOC(O1)COC1=O)(C)O[Si](CCCOC(O1)COC1=O)(C)O[Au]
266,Cl[Al-](Cl)(Cl)Cl.[Li+],1,0,
267,CCC(O)C,0,1,[Cu]CC(O)[Au]
268,CCC(C1=CC=C(S([N-]S(C(F)(F)F)(=O)=O)(=O)=O)C=C1)OCCOCCOCCOCCOCCOCCOCCOCCOCCOCCOCCC,0,1,[Cu]CC(C1=CC=C(S([N-]S(C(F)(F)F)(=O)=O)(=O)=O)C=C1)OCCOCCOCCOCCOCCOCCOCCOCCOCCOCCOCC[Au]
269,COCCOCCOC(COCC=C)CC,0,1,[Cu]OCCOCCOC(COCC=C)C[Au]
270,COCCOCC(I)CC(F)(F)C(F)(F)OC(F)(F)C(F)(F)S(=O)(=O)[O-].[Li+],1,0,
271,O=S(=O)([O-])c1c(F)c(F)c(F)c(F)c1F.[Li+],1,0,
272,C[Al-](SC1=CC=CO1)(SC2=CC=CO2)OCCOCCOCCOCCOCCOCCOCCOCCOCCOCCOCCOCCOCCC,0,1,[Cu][Al-](SC1=CC=CO1)(SC2=CC=CO2)OCCOCCOCCOCCOCCOCCOCCOCCOCCOCCOCCOCCOCC[Au]
273,COC(=O)OC(COCCCC)CC,0,1,[Cu]OC(=O)OC(COCCCC)C[Au]
274,CCC(C)(C)C(=O)OCCOC(=O)NCCCOCCOCCOCCCNC(=O)OCCOC(=O)C(C)(C)CC,0,1,[Cu]CC(C)([Ca])C(=O)OCCOC(=O)NCCCOCCOCCOCCCNC(=O)OCCOC(=O)C(C)([Ca])C[Au]
275,CCC(C(=O)OCCO)C,0,1,[Cu]CC(C(=O)OCCO)[Au]
276,CCC(C(=O)OCCCC)C,0,1,[Cu]CC(C(=O)OCCCC)[Au]
277,CC(C)(C(=O)OCCCS(=O)(=O)[N-]S(=O)(=O)C(F)(F)F)COCCOCCOCCOCCOCCOCCOCCOCCOCCOCCOCCOCCOCCOCCOCCOCCOCCOCCOCCOCCOCCOCCC,0,1,[Cu]C(C)(C(=O)OCCCS(=O)(=O)[N-]S(=O)(=O)C(F)(F)F)COCCOCCOCCOCCOCCOCCOCCOCCOCCOCCOCCOCCOCCOCCOCCOCCOCCOCCOCCOCCOCCOCC[Au]
278,COCCOCCOC,0,0,
279,[I-].[Li+],1,0,
280,C[Al-](OC)(OC)OC(=O)C(F)(F)C(F)(F)C(F)(F)C(=O)OOCCOCCOCCOCCOCCOCCOCCC,0,1,[Cu][Al-](O[Ca])(O[Ca])OC(=O)C(F)(F)C(F)(F)C(F)(F)C(=O)OOCCOCCOCCOCCOCCOCCOCC[Au]
281,C[P-]12(OC3=C(C=CC=C3)O2)(OC4=C(C=CC=C4)O1)OCCOCCOCCOCCOCCOCCOCCOCCOCCOCCOCCOCCOCCC,0,1,[Cu][P-]12(OC3=C(C=CC=C3)O2)(OC4=C(C=CC=C4)O1)OCCOCCOCCOCCOCCOCCOCCOCCOCCOCCOCCOCCOCC[Au]
282,F[B-](C(F)(F)F)(C(F)(F)F)C(F)(F)F.[Li+],1,0,
283,CCC(S(=O)([O-])=O)C,0,1,[Cu]CC(S(=O)([O-])=O)[Au]
284,CCC(C1=CC=C(S([N-]S(C(F)(F)F)(=O)=O)(=O)=O)C=C1)OCCOCCOCCOCCOCCC,0,1,[Cu]CC(C1=CC=C(S([N-]S(C(F)(F)F)(=O)=O)(=O)=O)C=C1)OCCOCCOCCOCCOCC[Au]
285,CCC(C1=CC=C(S([N-]S(C(F)(F)F)(=O)=O)(=O)=O)C=C1)OCCOCCOCCOCCOCCOCCOCCOCCOCCOCCOCCOCCOCCOCCOCCOCCOCCOCCOCCOCCOCCOCCOCCOCCOCCOCCOCCOCCOCCOCCOCCOCCOCCOCCOCCOCCOCCOCCOCCOCCOCCOCCOCCOCCOCCOCCOCCOCCOCCOCCOCCOCCOCCOCCOCCOCCOCCOCCOCCOCCOCCOCCOCCOCCOCCOCCOCCOCCC,0,1,[Cu]CC(C1=CC=C(S([N-]S(C(F)(F)F)(=O)=O)(=O)=O)C=C1)OCCOCCOCCOCCOCCOCCOCCOCCOCCOCCOCCOCCOCCOCCOCCOCCOCCOCCOCCOCCOCCOCCOCCOCCOCCOCCOCCOCCOCCOCCOCCOCCOCCOCCOCCOCCOCCOCCOCCOCCOCCOCCOCCOCCOCCOCCOCCOCCOCCOCCOCCOCCOCCOCCOCCOCCOCCOCCOCCOCCOCCOCCOCCOCCOCCOCCOCCOCC[Au]
286,CCN(CCC#N)CC,0,1,[Cu]CN(CCC#N)C[Au]
287,COC(=O)OCCCCCCCCC,0,1,[Cu]OC(=O)OCCCCCCCC[Au]
288,FC(F)(F)[B-](C(F)(F)F)(C(F)(F)F)C(F)(F)F.[Li+],1,0,
289,OCCOC(NCCCOCCOCCOCCCNC(CCO)=O)=O,0,0,
290,CCCCC(CC)COC(=O)CCCCCCCCC(=O)OCC(CC)CCCC,0,0,
291,CCCCCOC,0,1,[Cu]CCCCO[Au]
292,CC(=O)OCC(COCC(COC(C)=O)(COC(C)=O)COC(C)=O)(COC(C)=O)COC(C)=O,0,0,
293,O=C1O[B-]2(OC(=O)c3ccccc3O2)Oc2ccccc21.[Li+],1,0,
294,COC(=O)OCCCC,0,1,[Cu]OC(=O)OCCC[Au]
295,O=S(=O)([O-])C(F)(F)C(F)(F)C(F)(F)C(F)(F)F.[Li+],1,0,
296,N#Cc1nn[n-]c1C#N.[Li+],1,0,
297,C[Si](CCC1=CC=C([B-](C3=CC=CC=C3)(C4=CC=CC=C4)C2=CC=CC=C2)C=C1)(C)O[Si](CCCOC(O1)COC1=O)(C)O[Si](CCCOC(O1)COC1=O)(C)O[Si](CCCOC(O1)COC1=O)(C)O[Si](CCCOC(O1)COC1=O)(C)O[Si](CCCOC(O1)COC1=O)(C)O[Si](CCCOC(O1)COC1=O)(C)O[Si](CCCOC(O1)COC1=O)(C)O[Si](CCCOC(O1)COC1=O)(C)O[Si](CCCOC(O1)COC1=O)(C)OC,0,1,[Cu][Si](CCC1=CC=C([B-](C3=CC=CC=C3)(C4=CC=CC=C4)C2=CC=CC=C2)C=C1)(C)O[Si](CCCOC(O1)COC1=O)(C)O[Si](CCCOC(O1)COC1=O)(C)O[Si](CCCOC(O1)COC1=O)(C)O[Si](CCCOC(O1)COC1=O)(C)O[Si](CCCOC(O1)COC1=O)(C)O[Si](CCCOC(O1)COC1=O)(C)O[Si](CCCOC(O1)COC1=O)(C)O[Si](CCCOC(O1)COC1=O)(C)O[Si](CCCOC(O1)COC1=O)(C)O[Au]
298,CC(C)(C)COc1c(F)c(OCC(C)(C)C)c(S(=O)(=O)[N-]S(=O)(=O)C(F)(F)F)c(OCC(C)(C)C)c1F.[Li+],1,0,
299,COCOCCOCCOCCOCCOCCOCCOCCOCCOCCC,0,1,[Cu]OCOCCOCCOCCOCCOCCOCCOCCOCCOCC[Au]
300,CC(C1=CC=CC=C1)CC(=O)OCCCCCOC(=O)OCCCC,0,1,[Cu]C(C1=CC=CC=C1)CC(=O)OCCCCCOC(=O)OCCC[Au]
301,C[Al-](OC)(OC)OC(=O)C(F)(F)C(F)(F)C(F)(F)C(=O)OOCCOCCOCCC,0,1,[Cu][Al-](O[Ca])(O[Ca])OC(=O)C(F)(F)C(F)(F)C(F)(F)C(=O)OOCCOCCOCC[Au]
302,CSCCOCCOCCSCCOCCOCCOCCOCC,0,1,[Cu]SCCOCCOCCSCCOCCOCCOCCOC[Au]
303,C[B-]1(OC(=O)C(=O)O1)OCCOCCOCCOCCOCCOCCOCCOCCOCCOCCOCCOCCOCCOCCOCCOCCC,0,1,[Cu][B-]1(OC(=O)C(=O)O1)OCCOCCOCCOCCOCCOCCOCCOCCOCCOCCOCCOCCOCCOCCOCCOCC[Au]
304,CCOC(=O)OCC,0,0,
305,COC(=O)OC(COCCOC)CC,0,1,[Cu]OC(=O)OC(COCCOC)C[Au]
306,O=[P-](=O)(C(F)(F)C(F)(F)F)C(F)(F)C(F)(F)F.[Li+],1,0,
307,CCC(C(=O)OCCOCCOCCOCCOCCOC)C,0,1,[Cu]CC(C(=O)OCCOCCOCCOCCOCCOC)[Au]
308,COCCOC,0,0,
309,COC(F)(F)C(F)(F)OC(F)(F)C(F)(F)OC(F)(F)C(F)(F)OC(F)(F)C(F)(F)OC(F)(F)C(F)(F)OC(F)(F)C(F)(F)OC(F)(F)C(F)(F)OC(F)(F)C(F)(F)OC(F)(F)OC(F)(F)OC(F)(F)C,0,1,[Cu]OC(F)(F)C(F)(F)OC(F)(F)C(F)(F)OC(F)(F)C(F)(F)OC(F)(F)C(F)(F)OC(F)(F)C(F)(F)OC(F)(F)C(F)(F)OC(F)(F)C(F)(F)OC(F)(F)C(F)(F)OC(F)(F)OC(F)(F)OC(F)(F)[Au]
310,Fc1c(F)c(F)c(S[B-](Sc2c(F)c(F)c(F)c(F)c2F)(Sc2c(F)c(F)c(F)c(F)c2F)Sc2c(F)c(F)c(F)c(F)c2F)c(F)c1F.[Li+],1,0,
311,COCOCC(COCOC)(COCOC)COCC(COCOC)(COCOC)COCOC,0,0,
312,O=S(=O)([N-]S(=O)(=O)C(F)(F)C(F)(F)Sc1ccccc1)C(F)(F)F.[Li+],1,0,
313,C1COC(=O)O1,0,0,
314,O=S(=O)([O-])C(F)(F)C(F)(F)OC(F)(F)C(F)(F)F.[Li+],1,0,
315,CCC(C)(C(=O)OCCCCC1OC(=O)OC1)C,0,1,[Cu]CC(C)(C(=O)OCCCCC1OC(=O)OC1)[Au]
316,O=C1OCCCO1,0,0,
317,CCCC1C(=O)N(C(C)COC(C)COC(C)COC(C)COC(C)COC(C)COC(C)COC(C)COC(C)COOCC)C(=O)C1C,0,1,[Cu]CCC1C(=O)N(C(C)COC(C)COC(C)COC(C)COC(C)COC(C)COC(C)COC(C)COC(C)COOCC)C(=O)C1[Au]
318,C[Al-](SC1=CC=CO1)(SC2=CC=CO2)OCCOCCOCCOCCOCCOCCC,0,1,[Cu][Al-](SC1=CC=CO1)(SC2=CC=CO2)OCCOCCOCCOCCOCCOCC[Au]
319,CC(COCCCSCCOCCOCCOC)OCC,0,1,[Cu]C(COCCCSCCOCCOCCOC)OC[Au]
320,COB(C1=C(C=C(C=C1C)C)C)OCCOCCOCCOCCC,0,1,[Cu]OB(C1=C(C=C(C=C1C)C)C)OCCOCCOCCOCC[Au]
321,C[P-](OC1=O)(OC1=O)(OC2=O)(OC2=O)OCCOCCOCCOCCOCCOCCOCCOCCOCCOCCOCCOCCOCCOCCOCCOCCC,0,1,[Cu][P-](OC1=O)(OC1=O)(OC2=O)(OC2=O)OCCOCCOCCOCCOCCOCCOCCOCCOCCOCCOCCOCCOCCOCCOCCOCC[Au]
322,C[Al-](SC1=CC=CO1)(SC2=CC=CO2)OCCOCCOCCOCCOCCOCCOCCOCCC,0,1,[Cu][Al-](SC1=CC=CO1)(SC2=CC=CO2)OCCOCCOCCOCCOCCOCCOCCOCC[Au]
323,O=C1CCCO1,0,0,
324,CC(COCC=C)OCC,0,1,[Cu]C(COCC=C)OC[Au]
325,COCCOCCOCCOCC1=CC=CC(COCCOCCOCCOC)=C1,0,0,
326,COC(=O)OC(COC(C)(C)C)CC,0,1,[Cu]OC(=O)OC(COC(C)(C)C)C[Au]
327,OC1COCOC1,0,0,
328,O=S(=O)([B-](F)(F)F)C(F)(F)C(F)(F)F.[Li+],1,0,
329,O=S(=O)([B-](S(=O)(=O)C(F)(F)C(F)(F)F)(S(=O)(=O)C(F)(F)C(F)(F)F)S(=O)(=O)C(F)(F)C(F)(F)F)C(F)(F)C(F)(F)F.[Li+],1,0,
330,COCOCCOCCC,0,1,[Cu]OCOCCOCC[Au]
331,O=S(=O)([N-]S(=O)(=O)C(F)(F)C(F)(F)C(F)(F)F)C(F)(F)C(F)(F)F.[Li+],1,0,
332,N#CCCC#N,0,0,
333,COC(COCCOCCOCCOCCOCCOC)CC,0,1,[Cu]OC(COCCOCCOCCOCCOCCOC)C[Au]
334,N#C[C-](C#N)C#N.[Li+],1,0,
335,F[B-](F)(F)F.[Li+],1,0,
336,COCCC,0,1,[Cu]OCC[Au]
337,O=C1O[B-](F)(F)OC1=O.[Li+],1,0,
338,CCC(C)OC,0,1,[Cu]CC(C)O[Au]
339,O=S(=O)([N-]S(=O)(=O)C(F)(F)F)c1c(F)c(F)c(N2CCCCC2)c(F)c1F.[Li+],1,0,
340,COCCOCCOCC,0,1,[Cu]OCCOCCOC[Au]
341,CCC(C(=O)OCCOCCOCCOCCOCCOCCOC)C,0,1,[Cu]CC(C(=O)OCCOCCOCCOCCOCCOCCOC)[Au]
342,C[Si](C)(CCC[N-]S(C(F)(F)F)(=O)=O)O[Si](C)(CCC[N-]S(C(F)(F)F)(=O)=O)O[Si](C)(CCCOCCOCCOCCOC)O[Si](C)(CCCOCCOCCOCCOC)O[Si](C)(CCCOCCOCCOCCOC)O[Si](C)(CCCOCCOCCOCCOC)O[Si](C)(CCCOCCOCCOCCOC)O[Si](C)(CCCOCCOCCOCCOC)O[Si](C)(CCCOCCOCCOCCOC)O[Si](C)(CCCOCCOCCOCCOC)O[Si](C)(CCCOCCOCCOCCOC)O[Si](C)(CCCOCCOCCOCCOC)O[Si](C)(CCCOCCOCCOCCOC)O[Si](C)(CCCOCCOCCOCCOC)O[Si](C)(CCCOCCOCCOCCOC)OC,0,1,[Cu][Si](C)(CCC[N-]S(C(F)(F)F)(=O)=O)O[Si](C)(CCC[N-]S(C(F)(F)F)(=O)=O)O[Si](C)(CCCOCCOCCOCCOC)O[Si](C)(CCCOCCOCCOCCOC)O[Si](C)(CCCOCCOCCOCCOC)O[Si](C)(CCCOCCOCCOCCOC)O[Si](C)(CCCOCCOCCOCCOC)O[Si](C)(CCCOCCOCCOCCOC)O[Si](C)(CCCOCCOCCOCCOC)O[Si](C)(CCCOCCOCCOCCOC)O[Si](C)(CCCOCCOCCOCCOC)O[Si](C)(CCCOCCOCCOCCOC)O[Si](C)(CCCOCCOCCOCCOC)O[Si](C)(CCCOCCOCCOCCOC)O[Si](C)(CCCOCCOCCOCCOC)O[Au]
343,O=[N+]([O-])[O-].[Li+],1,0,
344,COCCOCCOCCOCCOC,0,0,
345,O=S(=O)(CCC(F)(F)F)[N-]S(=O)(=O)CCC(F)(F)F.[Li+],1,0,
346,C[B-]1(OC(=O)C(=O)O1)OCC(C)OCC(C)OCC(C)OCC(C)OCC(C)OCC(C)OCC(C)C,0,1,[Cu][B-]1(OC(=O)C(=O)O1)OCC(C)OCC(C)OCC(C)OCC(C)OCC(C)OCC(C)OCC(C)[Au]
347,C[Si](C)(C)OCCOCCOCCOCCOC,0,1,[Cu][Si](C)(C)OCCOCCOCCOCCO[Au]
348,[Li+].c1ccc2cc3c(cc2c1)O[B-]1(O3)Oc2cc3ccccc3cc2O1,1,0,
349,O=C([O-])C(F)(F)C(F)(F)C(F)(F)F.[Li+],1,0,
350,COC(=O)OC(COC1=CC=CC=C1)CC,0,1,[Cu]OC(=O)OC(COC1=CC=CC=C1)C[Au]
351,CSCCSCCOCCOCCOCC,0,1,[Cu]SCCSCCOCCOCCOC[Au]
352,C[Si](C)(CCCOCC(O1)COC1=O)O[Si](C)(CCCOCC(O1)COC1=O)O[Si](C)(CCCOCC(O1)COC1=O)O[Si](C)(CCCOCC(O1)COC1=O)O[Si](C)(CCCOCC(O1)COC1=O)O[Si](C)(CCCOCC(O1)COC1=O)O[Si](C)(CCCOCC(O1)COC1=O)O[Si](C)(CCCOCC(O1)COC1=O)O[Si](C)(CCCOCC(O1)COC1=O)O[Si](C)(CCC2=CC=C([B-](C3=CC=CC=C3)(C4=CC=CC=C4)C5=CC=CC=C5)C=C2)OC,0,1,[Cu][Si](C)(CCCOCC(O1)COC1=O)O[Si](C)(CCCOCC(O1)COC1=O)O[Si](C)(CCCOCC(O1)COC1=O)O[Si](C)(CCCOCC(O1)COC1=O)O[Si](C)(CCCOCC(O1)COC1=O)O[Si](C)(CCCOCC(O1)COC1=O)O[Si](C)(CCCOCC(O1)COC1=O)O[Si](C)(CCCOCC(O1)COC1=O)O[Si](C)(CCCOCC(O1)COC1=O)O[Si](C)(CCC2=CC=C([B-](C3=CC=CC=C3)(C4=CC=CC=C4)C5=CC=CC=C5)C=C2)O[Au]
353,CCCCCCCOCCOCCOCCOCCOCCC,0,1,[Cu]CCCCCCOCCOCCOCCOCCOCC[Au]
354,C[B-](OC)(OC)OC(=O)C(F)(F)C(F)(F)C(F)(F)C(=O)OOCCOCCOCCOCCOCCOCCOCCC,0,1,[Cu][B-](O[Ca])(O[Ca])OC(=O)C(F)(F)C(F)(F)C(F)(F)C(=O)OOCCOCCOCCOCCOCCOCCOCC[Au]
355,COC(=O)OCC(CC)(CCCC)CC,0,1,[Cu]OC(=O)OCC(CC)(CCCC)C[Au]
356,CC(CN1C(=O)C(O)C(O)C1=O)CC,0,1,[Cu]C(CN1C(=O)C(O)C(O)C1=O)C[Au]
357,C[Si](C)(C)OCCOCCOC,0,1,[Cu][Si](C)(C)OCCOCCO[Au]
358,CC1COC(=O)O1,0,0,
359,O=C([N-]C(=O)C(F)(F)F)C(F)(F)F.[Li+],1,0,
360,COCCOCCOCCOC,0,0,
361,O=S(=O)([C-](S(=O)(=O)C(F)(F)C(F)(F)F)S(=O)(=O)C(F)(F)C(F)(F)F)C(F)(F)C(F)(F)F.[Li+],1,0,
362,C[B-]1(OC(=O)C(=O)O1)OCCOCCOCCOCCOCCOCCOCCC,0,1,[Cu][B-]1(OC(=O)C(=O)O1)OCCOCCOCCOCCOCCOCCOCC[Au]
363,O=S(=O)([N-]S(=O)(=O)C(F)(F)C(F)(F)OC(F)(F)C(F)(F)F)C(F)(F)F.[Li+],1,0,
364,C[P-](OC1=O)(OC1=O)(OC2=O)(OC2=O)OCCOCCOCCC,0,1,[Cu][P-](OC1=O)(OC1=O)(OC2=O)(OC2=O)OCCOCCOCC[Au]
365,CC(C)C[Si](O[Si](CC(C)C)(O1)O[Si]2(CCCOC(C(COCCOCCOCCOCCOCCOCCOCCOCCOCCOCC)C)=O)O3)(O[Si](O4)(O[Si]1(CC(C)C)O[Si]5(CCC)O2)CC(C)C)O[Si]3(CC(C)C)O[Si]4(O5)CC(C)C,0,1,CC(C)C[Si](O[Si](CC(C)C)(O1)O[Si]2(CCCOC(C(COCCOCCOCCOCCOCCOCCOCCOCCOCCOCC)[Au])=O)O3)(O[Si](O4)(O[Si]1(CC(C)C)O[Si]5(CCC)O2)CC(C)C)O[Si]3(CC(C)C)O[Si]4(O5)CC(C)C
366,COCCOCCOCCOCCN(N=N1)C=C1COCCOCCOCCOCCN(N=N2)C=C2COCCOCCOCCOC,0,0,
367,C[Si](C)(CCCOCC(O1)COC1=O)OC,0,1,[Cu][Si](C)(CCCOCC(O1)COC1=O)O[Au]
368,CP(OCCOCCOC)(OCCOCCOC)=NC,0,1,[Cu]P(OCCOCCOC)(OCCOCCOC)=N[Au]
369,F[P-](F)(F)(F)(F)F.[Li+],1,0,
370,F[B-](C(F)(F)C(F)(F)F)(C(F)(F)C(F)(F)F)C(F)(F)C(F)(F)F.[Li+],1,0,
371,CC(C)(C(OCC1=CC=CC=C1)=O)CC(C)(C(=O)OCCOCCOCCOCCOCCOCCOCCOCCOCCOC)CC(C)(C)C(=O)OCCOC(=O)C(C)(C)C(C)(C(OCC1=CC=CC=C1)=O)CC(C)(C(=O)OCCOCCOCCOCCOCCOCCOCCOCCOCCOC)CC,0,1,[Cu]C(C)(C(OCC1=CC=CC=C1)=O)CC(C)(C(=O)OCCOCCOCCOCCOCCOCCOCCOCCOCCOC)CC(C)(C)C(=O)OCCOC(=O)C(C)(C)C(C)(C(OCC1=CC=CC=C1)=O)CC(C)(C(=O)OCCOCCOCCOCCOCCOCCOCCOCCOCCOC)C[Au]
372,FC(F)(F)C(F)(F)[B-](C(F)(F)C(F)(F)F)(C(F)(F)C(F)(F)F)C(F)(F)C(F)(F)F.[Li+],1,0,
373,O=S(=O)([O-])c1ccccc1.[Li+],1,0,
374,F[Sb-](F)(F)(F)(F)F.[Li+],1,0,
375,C[Si](CCC1=CC=C([B-](C3=CC=CC=C3)(C4=CC=CC=C4)C2=CC=CC=C2)C=C1)(C)O[Si](CCCOC(O1)COC1=O)(C)O[Si](CCCOC(O1)COC1=O)(C)O[Si](CCCOC(O1)COC1=O)(C)O[Si](CCCOC(O1)COC1=O)(C)O[Si](CCCOC(O1)COC1=O)(C)O[Si](CCCOC(O1)COC1=O)(C)O[Si](CCCOC(O1)COC1=O)(C)O[Si](CCCOC(O1)COC1=O)(C)O[Si](CCCOC(O1)COC1=O)(C)O[Si](CCCOC(O1)COC1=O)(C)O[Si](CCCOC(O1)COC1=O)(C)OC,0,1,[Cu][Si](CCC1=CC=C([B-](C3=CC=CC=C3)(C4=CC=CC=C4)C2=CC=CC=C2)C=C1)(C)O[Si](CCCOC(O1)COC1=O)(C)O[Si](CCCOC(O1)COC1=O)(C)O[Si](CCCOC(O1)COC1=O)(C)O[Si](CCCOC(O1)COC1=O)(C)O[Si](CCCOC(O1)COC1=O)(C)O[Si](CCCOC(O1)COC1=O)(C)O[Si](CCCOC(O1)COC1=O)(C)O[Si](CCCOC(O1)COC1=O)(C)O[Si](CCCOC(O1)COC1=O)(C)O[Si](CCCOC(O1)COC1=O)(C)O[Si](CCCOC(O1)COC1=O)(C)O[Au]
376,CCC(C1=CC=C(S(=O)(=O)[N-]S(=O)(=O)C(F)(F)F)C=C1)C(C(OCCOCCOCCOCCOCCOCCOCCOCCOC)=O)CC(C(OCCOCCOCCOCCOCCOCCOCCOCCOC)=O)CC,0,1,[Cu]CC(C1=CC=C(S(=O)(=O)[N-]S(=O)(=O)C(F)(F)F)C=C1)C(C(OCCOCCOCCOCCOCCOCCOCCOCCOC)=O)CC(C(OCCOCCOCCOCCOCCOCCOCCOCCOC)=O)C[Au]
377,O=S(=O)([N-]S(=O)(=O)C(F)(F)Sc1ccccc1)C(F)(F)F.[Li+],1,0,
378,C[B-]1(OC(=O)C(=O)O1)OCCOCCOCCC,0,1,[Cu][B-]1(OC(=O)C(=O)O1)OCCOCCOCC[Au]
379,O=S(=O)(F)[N-]S(=O)(=O)C(F)(F)F.[Li+],1,0,
380,CSCCSCCSCCOCCOCCOCC,0,1,[Cu]SCCSCCSCCOCCOCCOC[Au]
381,O=S(=O)(CC(F)(F)F)[N-]S(=O)(=O)CC(F)(F)F.[Li+],1,0,
382,O=S1(=O)[N-]S(=O)(=O)C(F)(F)C1(F)F.[Li+],1,0,
383,COCCOCCOCCOCCOCCOC(C)CC,0,1,[Cu]OCCOCCOCCOCCOCCOC(C)C[Au]
384,CC(C([O-])=O)/C=C/C(C([O-])=O)C,0,1,[Cu]C(C([O-])=O)/C=C/C(C([O-])=O)[Au]
385,CC(C1=CC=C(COCCOCCOCCOCCOCCOC)C=C1)CC,0,1,[Cu]C(C1=CC=C(COCCOCCOCCOCCOCCOC)C=C1)C[Au]
386,CCC1=CC=C(C=C1)B2OB(C3=CC=C(C=C3)COCCOCCOCCOCCOCCOCCO)O[B-]4(O2)OB(C5=CC=C(C=C5)COCCOCCOCCOCCOCCOCCO)OB(O4)C6=CC=C(C=C6)CC,0,1,[Cu]CC1=CC=C(C=C1)B2OB(C3=CC=C(C=C3)COCCOCCOCCOCCOCCOCCO)O[B-]4(O2)OB(C5=CC=C(C=C5)COCCOCCOCCOCCOCCOCCO)OB(O4)C6=CC=C(C=C6)C[Au]
387,CC(=O)CCCC(=O)OC(COCC=C)COC,0,1,[Cu]C(=O)CCCC(=O)OC(COCC=C)CO[Au]
388,O=C([O-])C(F)(F)F.[Li+],1,0,
389,CCC(C1=CC=C(S([N-]S(C(F)(F)F)(=O)=O)(=O)=O)C=C1)OCCOCCOCCOCCOCCOCCOCCOCCOCCOCCOCCOCCOCCOCCOCCOCCOCCOCCOCCOCCOCCOCCOCCOCCOCCOCCOCCOCCOCCOCCOCCOCCOCCOCCOCCC,0,1,[Cu]CC(C1=CC=C(S([N-]S(C(F)(F)F)(=O)=O)(=O)=O)C=C1)OCCOCCOCCOCCOCCOCCOCCOCCOCCOCCOCCOCCOCCOCCOCCOCCOCCOCCOCCOCCOCCOCCOCCOCCOCCOCCOCCOCCOCCOCCOCCOCCOCCOCCOCC[Au]
390,COC(=O)OCCOCCOCCOCCOCCOCCC,0,1,[Cu]OC(=O)OCCOCCOCCOCCOCCOCC[Au]
391,COCOCC(COCOC)(COCOC)COCC(COCC(COCOC)(COCOC)COCOC)(COCOC)COCOC,0,0,
392,CCOC(=O)CCCCCCCCC(=O)OCC,0,1,[Cu]COC(=O)CCCCCCCCC(=O)OC[Au]
393,CCCC1C(=O)N(C(C)COC(C)COC(C)COOCCOCCOCCOCCOCCOCCOCCOCCOCCOCCOCCOCCOCCOCCOCCOCCOCCOCCOCC)C(=O)C1C,0,1,[Cu]CCC1C(=O)N(C(C)COC(C)COC(C)COOCCOCCOCCOCCOCCOCCOCCOCCOCCOCCOCCOCCOCCOCCOCCOCCOCCOCCOCC)C(=O)C1[Au]
394,O=Cl(=O)([O-])=O.[Li+],1,0,
395,CC(=O)CCCC(=O)OC(COCCOCCOC)COC,0,1,[Cu]C(=O)CCCC(=O)OC(COCCOCCOC)CO[Au]
396,C[B-]1(OC(=O)C(=O)O1)OCCOCCOCCOCCC,0,1,[Cu][B-]1(OC(=O)C(=O)O1)OCCOCCOCCOCC[Au]
397,C[Al-](SC1=CC=CO1)(SC2=CC=CO2)SCCOCCSC,0,1,[Cu][Al-](SC1=CC=CO1)(SC2=CC=CO2)SCCOCCS[Au]
398,CSCCCCCCSCCOCCCCOCC,0,1,[Cu]SCCCCCCSCCOCCCCOC[Au]
399,C[Si](C)(CCC[N-]S(C(F)(F)F)(=O)=O)O[Si](C)(CCC[N-]S(C(F)(F)F)(=O)=O)O[Si](C)(CCCOCCOCCOCCOC)O[Si](C)(CCCOCCOCCOCCOC)O[Si](C)(CCCOCCOCCOCCOC)O[Si](C)(CCCOCCOCCOCCOC)O[Si](C)(CCCOCCOCCOCCOC)OC,0,1,[Cu][Si](C)(CCC[N-]S(C(F)(F)F)(=O)=O)O[Si](C)(CCC[N-]S(C(F)(F)F)(=O)=O)O[Si](C)(CCCOCCOCCOCCOC)O[Si](C)(CCCOCCOCCOCCOC)O[Si](C)(CCCOCCOCCOCCOC)O[Si](C)(CCCOCCOCCOCCOC)O[Si](C)(CCCOCCOCCOCCOC)O[Au]
400,CC1OC(=O)OC1C,0,1,[Cu]C1OC(=O)OC1[Au]
401,CC(=O)CCCCC(=O)OCCCCCCOC,0,1,[Cu]C(=O)CCCCC(=O)OCCCCCCO[Au]
