value,error,Train_Test_Label,cmp_ids,cmp_mole_fractions,property,unit
115.0,24.3025,test,[0],[1.0],Motor octane number,
0.0,10.666,train,[1],[1.0],Motor octane number,
90.0,12.8677,test,[2],[1.0],Motor octane number,
74.0,10.4218,train,[3],[1.0],Motor octane number,
98.0,8.5415,test,[4],[1.0],Motor octane number,
88.0,9.4757,train,[5],[1.0],Motor octane number,
65.0,9.3905,train,[6],[1.0],Motor octane number,
88.0,8.9626,train,[7],[1.0],Motor octane number,
26.0,19.743,train,[8],[1.0],Motor octane number,
93.0,8.7664,train,[9],[1.0],Motor octane number,
100.0,13.3968,train,[10],[1.0],Motor octane number,
14.0,6.3962,train,[11],[1.0],Motor octane number,
70.0,10.1177,train,[12],[1.0],Motor octane number,
73.0,8.7952,train,[13],[1.0],Motor octane number,
63.0,8.7853,test,[14],[1.0],Motor octane number,
104.0,10.2633,train,[15],[1.0],Motor octane number,
108.0,11.7466,test,[16],[1.0],Motor octane number,
98.0,11.4636,train,[17],[1.0],Motor octane number,
82.0,8.528,train,[18],[1.0],Motor octane number,
101.0,12.6106,train,[19],[1.0],Motor octane number,
78.1,14.7157,test,[20],[1.0],Motor octane number,
106.0,12.5459,train,[21],[1.0],Motor octane number,
40.0,11.0809,train,[22],[1.0],Motor octane number,
97.0,10.1802,train,[23],[1.0],Motor octane number,
94.0,17.3525,train,[24],[1.0],Motor octane number,
74.0,4.5362,train,[25],[1.0],Motor octane number,
101.0,12.8635,test,[26],[1.0],Motor octane number,
112.0,9.4105,test,[27],[1.0],Motor octane number,
70.0,9.053,train,[28],[1.0],Motor octane number,
39.0,9.7153,train,[29],[1.0],Motor octane number,
78.0,27.1716,train,[30],[1.0],Motor octane number,
81.0,6.6564,train,[31],[1.0],Motor octane number,
72.0,9.2522,train,[32],[1.0],Motor octane number,
95.0,11.6848,train,[33],[1.0],Motor octane number,
42.0,11.5561,train,[34],[1.0],Motor octane number,
40.0,12.797,train,[35],[1.0],Motor octane number,
73.0,8.8738,train,[36],[1.0],Motor octane number,
52.0,34.1698,train,[37],[1.0],Motor octane number,
98.0,10.0484,train,[38],[1.0],Motor octane number,
92.0,8.772,train,[39],[1.0],Motor octane number,
99.0,12.97,test,[40],[1.0],Motor octane number,
94.0,16.0463,train,[41],[1.0],Motor octane number,
81.0,10.7498,train,[42],[1.0],Motor octane number,
100.0,15.9487,test,[43],[1.0],Motor octane number,
80.0,14.0408,train,[44],[1.0],Motor octane number,
79.0,11.4458,train,[45],[1.0],Motor octane number,
89.1,5.8543,train,[46],[1.0],Motor octane number,
92.0,12.1,train,[47],[1.0],Motor octane number,
87.0,6.2064,train,[48],[1.0],Motor octane number,
97.2,12.1789,train,[49],[1.0],Motor octane number,
86.0,8.1238,train,[50],[1.0],Motor octane number,
86.0,10.3797,train,[51],[1.0],Motor octane number,
35.0,23.4152,train,[52],[1.0],Motor octane number,
90.0,9.9359,train,[53],[1.0],Motor octane number,
101.0,15.643,train,[54],[1.0],Motor octane number,
101.0,12.9398,test,[55],[1.0],Motor octane number,
97.7,10.4404,train,[56],[1.0],Motor octane number,
84.0,10.189,train,[57],[1.0],Motor octane number,
92.0,9.7467,train,[58],[1.0],Motor octane number,
100.0,11.9685,test,[59],[1.0],Motor octane number,
80.0,16.843,test,[60],[1.0],Motor octane number,
53.0,9.2329,train,[61],[1.0],Motor octane number,
81.0,8.8102,train,[62],[1.0],Motor octane number,
35.0,9.8041,train,[63],[1.0],Motor octane number,
88.0,16.1312,train,[64],[1.0],Motor octane number,
95.0,10.1352,train,[65],[1.0],Motor octane number,
89.0,12.5759,train,[66],[1.0],Motor octane number,
86.0,6.3152,train,[67],[1.0],Motor octane number,
96.0,9.9363,train,[68],[1.0],Motor octane number,
97.0,9.566,train,[69],[1.0],Motor octane number,
51.0,6.8574,train,[70],[1.0],Motor octane number,
84.0,11.4361,train,[71],[1.0],Motor octane number,
91.0,7.9445,train,[72],[1.0],Motor octane number,
105.0,13.9137,train,[73],[1.0],Motor octane number,
102.0,10.3522,train,[74],[1.0],Motor octane number,
106.0,11.2489,train,[75],[1.0],Motor octane number,
101.0,7.1155,train,[76],[1.0],Motor octane number,
103.0,10.6371,train,[77],[1.0],Motor octane number,
102.0,13.9725,train,[78],[1.0],Motor octane number,
103.0,8.6233,test,[79],[1.0],Motor octane number,
70.6,15.6767,train,[80],[1.0],Motor octane number,
85.0,17.3668,train,[81],[1.0],Motor octane number,
46.0,14.9666,test,[82],[1.0],Motor octane number,
92.0,6.6198,train,[83],[1.0],Motor octane number,
63.0,6.9778,train,[84],[1.0],Motor octane number,
106.0,13.3138,train,[85],[1.0],Motor octane number,
74.0,13.1817,train,[86],[1.0],Motor octane number,
0.0,14.7059,train,[87],[1.0],Motor octane number,
100.0,13.5434,train,[88],[1.0],Motor octane number,
84.0,11.5865,train,[89],[1.0],Motor octane number,
82.0,19.7645,train,[90],[1.0],Motor octane number,
91.0,6.7536,train,[91],[1.0],Motor octane number,
120.0,14.4458,train,[92],[1.0],Motor octane number,
120.0,16.9204,train,[93],[1.0],Motor octane number,
73.0,10.2646,train,[94],[1.0],Motor octane number,
79.0,9.9478,train,[95],[1.0],Motor octane number,
100.0,6.2943,train,[96],[1.0],Motor octane number,
99.0,8.9736,train,[97],[1.0],Motor octane number,
58.0,11.2346,train,[98],[1.0],Motor octane number,
77.0,17.2622,train,[99],[1.0],Motor octane number,
101.0,11.9191,train,[100],[1.0],Motor octane number,
81.0,7.6537,train,[101],[1.0],Motor octane number,
80.0,6.9008,train,[102],[1.0],Motor octane number,
96.0,21.9431,train,[103],[1.0],Motor octane number,
35.0,7.5364,train,[104],[1.0],Motor octane number,
91.0,12.816,train,[105],[1.0],Motor octane number,
81.0,9.8982,train,[106],[1.0],Motor octane number,
56.0,21.9671,train,[107],[1.0],Motor octane number,
96.7,13.2194,test,[108],[1.0],Motor octane number,
120.0,14.8584,train,[109],[1.0],Motor octane number,
77.0,14.4103,train,[110],[1.0],Motor octane number,
74.0,11.8917,train,[111],[1.0],Motor octane number,
41.0,14.3924,train,[112],[1.0],Motor octane number,
102.0,10.9107,train,[113],[1.0],Motor octane number,
63.0,13.7628,train,[114],[1.0],Motor octane number,
93.0,7.2428,test,[115],[1.0],Motor octane number,
90.0,8.2933,train,[116],[1.0],Motor octane number,
71.0,13.6627,train,[117],[1.0],Motor octane number,
100.0,14.3036,train,[118],[1.0],Motor octane number,
87.0,8.7601,train,[119],[1.0],Motor octane number,
61.0,10.1533,train,[120],[1.0],Motor octane number,
96.0,16.7145,train,[121],[1.0],Motor octane number,
96.0,10.5041,train,[122],[1.0],Motor octane number,
110.0,13.3225,test,[123],[1.0],Motor octane number,
66.0,11.3045,train,[124],[1.0],Motor octane number,
83.0,11.4646,train,[125],[1.0],Motor octane number,
92.0,9.729,test,[126],[1.0],Motor octane number,
56.0,11.2716,train,[127],[1.0],Motor octane number,
93.0,9.44,train,[128],[1.0],Motor octane number,
61.0,25.4327,train,[129],[1.0],Motor octane number,
23.0,9.3537,train,[130],[1.0],Motor octane number,
67.0,6.488,train,[131],[1.0],Motor octane number,
89.0,6.9803,train,[132],[1.0],Motor octane number,
81.0,12.7392,train,[133],[1.0],Motor octane number,
71.0,8.1109,test,[134],[1.0],Motor octane number,
72.0,7.9671,train,[135],[1.0],Motor octane number,
38.0,18.4993,train,[136],[1.0],Motor octane number,
73.0,12.7091,test,[137],[1.0],Motor octane number,
81.0,6.798,train,[138],[1.0],Motor octane number,
64.0,13.0504,train,[139],[1.0],Motor octane number,
56.0,8.5234,train,[140],[1.0],Motor octane number,
79.0,6.5723,test,[141],[1.0],Motor octane number,
89.0,9.9535,train,[142],[1.0],Motor octane number,
89.0,5.2752,test,[143],[1.0],Motor octane number,
84.0,9.4447,train,[144],[1.0],Motor octane number,
92.0,6.5726,train,[145],[1.0],Motor octane number,
57.0,15.0069,train,[146],[1.0],Motor octane number,
98.0,13.1585,train,[147],[1.0],Motor octane number,
79.0,10.2655,train,[148],[1.0],Motor octane number,
97.0,14.2265,test,[149],[1.0],Motor octane number,
85.0,14.427,train,[150],[1.0],Motor octane number,
83.0,10.6503,train,[151],[1.0],Motor octane number,
64.5,6.9778,train,[84],[1.0],Motor octane number,
69.0,7.3972,train,[152],[1.0],Motor octane number,
112.0,13.3992,train,[153],[1.0],Motor octane number,
97.0,11.2849,train,[154],[1.0],Motor octane number,
92.0,13.6915,train,[155],[1.0],Motor octane number,
88.0,12.9868,train,[156],[1.0],Motor octane number,
76.0,11.2569,train,[157],[1.0],Motor octane number,
49.0,13.0504,train,[158],[1.0],Motor octane number,
92.0,12.6572,train,[159],[1.0],Motor octane number,
66.0,8.9202,train,[160],[1.0],Motor octane number,
77.0,8.1125,train,[161],[1.0],Motor octane number,
50.0,8.7854,test,[162],[1.0],Motor octane number,
101.0,18.4594,train,[163],[1.0],Motor octane number,
92.0,13.5356,train,[164],[1.0],Motor octane number,
25.0,23.6526,train,[165],[1.0],Motor octane number,
86.0,11.7157,train,[166],[1.0],Motor octane number,
49.0,14.5443,train,[167],[1.0],Motor octane number,
82.0,4.3154,train,[168],[1.0],Motor octane number,
84.0,13.162,train,[169],[1.0],Motor octane number,
61.0,10.4156,train,[170],[1.0],Motor octane number,
72.0,11.2394,test,[171],[1.0],Motor octane number,
86.0,5.9749,test,[172],[1.0],Motor octane number,
98.0,14.0361,test,[173],[1.0],Motor octane number,
82.0,7.9405,train,[174],[1.0],Motor octane number,
86.0,15.9112,train,[175],[1.0],Motor octane number,
64.0,12.6117,train,[176],[1.0],Motor octane number,
71.0,9.8738,train,[177],[1.0],Motor octane number,
79.0,8.7908,train,[178],[1.0],Motor octane number,
84.0,9.304,train,[179],[1.0],Motor octane number,
85.0,10.016,train,[180],[1.0],Motor octane number,
-2.0,10.3011,train,[181],[1.0],Motor octane number,
81.0,7.3424,train,[182],[1.0],Motor octane number,
85.0,7.266,test,[183],[1.0],Motor octane number,
10.0,27.7891,train,[184],[1.0],Motor octane number,
81.0,15.882,train,[185],[1.0],Motor octane number,
60.0,9.8799,train,[186],[1.0],Motor octane number,
73.0,4.9423,train,[187],[1.0],Motor octane number,
69.0,10.3727,train,[188],[1.0],Motor octane number,
90.7,8.2492,train,[189],[1.0],Motor octane number,
83.0,12.4371,train,[190],[1.0],Motor octane number,
91.0,7.5726,train,[191],[1.0],Motor octane number,
95.0,10.7293,train,[192],[1.0],Motor octane number,
54.0,11.3848,train,[193],[1.0],Motor octane number,
39.0,7.2934,train,[194],[1.0],Motor octane number,
79.0,14.5603,train,[195],[1.0],Motor octane number,
96.0,13.3491,train,[196],[1.0],Motor octane number,
91.2,15.4267,train,[197],[1.0],Motor octane number,
79.0,11.8619,train,[198],[1.0],Motor octane number,
86.0,19.3224,train,[199],[1.0],Motor octane number,
80.0,7.8677,train,[200],[1.0],Motor octane number,
83.0,9.304,train,[201],[1.0],Motor octane number,
70.0,8.5234,train,[202],[1.0],Motor octane number,
68.0,10.5038,train,[203],[1.0],Motor octane number,
84.0,13.3609,train,[204],[1.0],Motor octane number,
0.0,9.9053,train,[205],[1.0],Motor octane number,
82.0,7.5841,train,[206],[1.0],Motor octane number,
84.0,14.3791,train,[207],[1.0],Motor octane number,
69.0,7.2499,train,[208],[1.0],Motor octane number,
83.3,6.2064,train,[48],[1.0],Motor octane number,
80.0,8.8494,test,[209],[1.0],Motor octane number,
80.0,11.8173,train,[210],[1.0],Motor octane number,
81.0,9.3713,train,[211],[1.0],Motor octane number,
52.0,8.0445,train,[212],[1.0],Motor octane number,
82.0,10.4124,train,[213],[1.0],Motor octane number,
64.0,9.8738,train,[214],[1.0],Motor octane number,
64.0,29.2445,test,[215],[1.0],Motor octane number,
71.0,5.777,test,[216],[1.0],Motor octane number,
84.0,13.2751,train,[217],[1.0],Motor octane number,
53.0,9.7878,train,[218],[1.0],Motor octane number,
92.0,13.4151,train,[219],[1.0],Motor octane number,
30.0,7.1394,train,[220],[1.0],Motor octane number,
85.0,9.7533,train,[221],[1.0],Motor octane number,
80.0,11.4899,train,[222],[1.0],Motor octane number,
28.0,10.0107,train,[223],[1.0],Motor octane number,
67.0,9.6196,train,[224],[1.0],Motor octane number,
108.1,11.5046,train,[225],[1.0],Motor octane number,
42.0,12.6085,train,[226],[1.0],Motor octane number,
83.0,9.2302,train,[227],[1.0],Motor octane number,
82.0,7.3324,train,[228],[1.0],Motor octane number,
75.0,10.829,train,[229],[1.0],Motor octane number,
97.0,9.8165,train,[230],[1.0],Motor octane number,
46.0,17.04,train,[231],[1.0],Motor octane number,
28.0,14.4041,train,[232],[1.0],Motor octane number,
68.0,6.618,train,[234],[1.0],Motor octane number,
55.0,7.5752,test,[235],[1.0],Motor octane number,
82.0,8.2541,train,[236],[1.0],Motor octane number,
82.0,7.8705,train,[237],[1.0],Motor octane number,
60.0,9.5745,train,[238],[1.0],Motor octane number,
87.0,11.4407,train,[239],[1.0],Motor octane number,
66.0,8.0198,train,[240],[1.0],Motor octane number,
81.0,15.3528,train,[241],[1.0],Motor octane number,
88.0,12.3784,train,[242],[1.0],Motor octane number,
97.0,16.4297,train,[243],[1.0],Motor octane number,
96.0,11.4344,train,[244],[1.0],Motor octane number,
100.0,13.0331,train,[245],[1.0],Motor octane number,
102.0,11.6165,train,[246],[1.0],Motor octane number,
84.0,9.0319,train,[247],[1.0],Motor octane number,
29.0,8.4029,train,[248],[1.0],Motor octane number,
11.0,8.7722,train,[249],[1.0],Motor octane number,
90.0,16.9815,train,[250],[1.0],Motor octane number,
87.0,12.4371,train,[251],[1.0],Motor octane number,
74.7,8.9518,train,[252],[1.0],Motor octane number,
75.0,8.4956,train,[253],[1.0],Motor octane number,
66.0,8.4125,train,[254],[1.0],Motor octane number,
90.0,18.1306,train,[255],[1.0],Motor octane number,
99.0,11.5761,train,[256],[1.0],Motor octane number,
90.0,12.8719,train,[257],[1.0],Motor octane number,
88.0,5.2752,test,[258],[1.0],Motor octane number,
81.0,10.5296,train,[259],[1.0],Motor octane number,
63.0,7.061,train,[260],[1.0],Motor octane number,
88.0,11.379,train,[261],[1.0],Motor octane number,
89.0,6.9587,train,[262],[1.0],Motor octane number,
81.0,7.8638,train,[263],[1.0],Motor octane number,
85.0,9.3289,train,[264],[1.0],Motor octane number,
74.0,7.7386,train,[265],[1.0],Motor octane number,
55.8,7.7611,train,[266],[1.0],Motor octane number,
72.0,6.7059,train,[267],[1.0],Motor octane number,
92.0,10.7955,train,[268],[1.0],Motor octane number,
71.0,8.0982,train,[269],[1.0],Motor octane number,
109.0,10.2633,train,[15],[1.0],Motor octane number,
79.0,8.1271,train,[270],[1.0],Motor octane number,
92.0,16.5076,test,[271],[1.0],Motor octane number,
88.3,14.6732,test,[272],[1.0],Motor octane number,
83.0,7.8096,train,[273],[1.0],Motor octane number,
100.0,17.5268,test,[274],[1.0],Motor octane number,
82.0,4.7286,test,[275],[1.0],Motor octane number,
90.0,10.9856,train,[276],[1.0],Motor octane number,
74.0,11.6118,train,[277],[1.0],Motor octane number,
83.0,11.8046,train,[278],[1.0],Motor octane number,
72.0,15.2954,train,[279],[1.0],Motor octane number,
81.0,7.2853,test,[280],[1.0],Motor octane number,
73.0,12.7091,train,[281],[1.0],Motor octane number,
46.0,19.7406,train,[282],[1.0],Motor octane number,
85.6,17.3668,train,[81],[1.0],Motor octane number,
88.0,12.6726,train,[283],[1.0],Motor octane number,
76.0,12.7372,train,[284],[1.0],Motor octane number,
82.0,11.165,train,[285],[1.0],Motor octane number,
99.0,16.0893,train,[286],[1.0],Motor octane number,
95.0,10.7424,train,[287],[1.0],Motor octane number,
85.0,11.0251,train,[288],[1.0],Motor octane number,
81.0,7.8196,train,[289],[1.0],Motor octane number,
81.0,8.9093,train,[290],[1.0],Motor octane number,
89.0,17.3068,train,[291],[1.0],Motor octane number,
99.0,11.2828,test,[292],[1.0],Motor octane number,
85.0,6.5377,train,[293],[1.0],Motor octane number,
99.3,12.0915,test,[294],[1.0],Motor octane number,
90.8,8.867,test,[295],[1.0],Motor octane number,
105.0,13.7488,train,[296],[1.0],Motor octane number,
93.0,9.5691,train,[297],[1.0],Motor octane number,
83.0,7.4466,train,[298],[1.0],Motor octane number,
85.0,9.304,train,[299],[1.0],Motor octane number,
87.0,7.6221,train,[300],[1.0],Motor octane number,
107.0,9.4708,train,[301],[1.0],Motor octane number,
82.0,9.5482,train,[302],[1.0],Motor octane number,
107.0,18.195,train,[303],[1.0],Motor octane number,
85.0,9.0564,train,[304],[1.0],Motor octane number,
94.0,14.1305,test,[305],[1.0],Motor octane number,
89.0,8.0859,train,[306],[1.0],Motor octane number,
62.0,10.5038,train,[307],[1.0],Motor octane number,
76.0,6.1107,train,[308],[1.0],Motor octane number,
74.2,8.0771,train,[309],[1.0],Motor octane number,
77.0,9.8458,train,[310],[1.0],Motor octane number,
86.0,6.1144,train,[311],[1.0],Motor octane number,
101.0,7.8269,train,[312],[1.0],Motor octane number,
89.0,16.2043,train,[313],[1.0],Motor octane number,
81.0,6.6031,train,[314],[1.0],Motor octane number,
66.0,13.1796,train,[315],[1.0],Motor octane number,
59.0,8.362,train,[316],[1.0],Motor octane number,
100.0,13.4123,train,[317],[1.0],Motor octane number,
58.0,7.6799,train,[318],[1.0],Motor octane number,
88.0,9.0053,train,[320],[1.0],Motor octane number,
70.0,9.6743,train,[321],[1.0],Motor octane number,
80.0,8.6442,train,[323],[1.0],Motor octane number,
73.0,9.9439,train,[324],[1.0],Motor octane number,
83.0,12.7392,train,[325],[1.0],Motor octane number,
96.0,7.3023,train,[326],[1.0],Motor octane number,
96.0,7.2865,train,[328],[1.0],Motor octane number,
90.0,7.5726,test,[329],[1.0],Motor octane number,
83.0,13.6532,train,[330],[1.0],Motor octane number,
61.0,10.7278,train,[332],[1.0],Motor octane number,
86.6,8.8729,train,"[255, 114, 8, 87, 333, 334, 335, 276, 9, 305, 86, 111, 57, 300, 82, 107, 10, 245, 127, 28, 121, 256, 195, 130, 29, 104, 212, 336, 337, 338, 339, 340, 341, 342, 249, 343, 344, 345, 346, 347, 0, 15, 17, 79, 19, 43, 40, 96, 69, 109, 47, 16, 54, 312, 246, 328, 348, 349, 350, 351, 352, 353, 354, 81, 60, 110, 117, 214, 233, 112, 330, 277, 355, 356, 357, 358, 161, 84, 359, 2]","[0.038842, 0.03495, 0.033336000000000005, 0.010449, 0.013644, 0.004987, 0.004577, 0.027299000000000004, 0.004168, 0.009852, 0.020975, 0.0181, 0.008690999999999999, 0.001283, 0.013467, 0.0057940000000000005, 0.051745, 0.0034720000000000003, 0.007342, 0.006269, 0.019913, 0.020333, 0.005761, 0.0033829999999999997, 0.001681, 0.0025979999999999996, 0.003229, 0.009078000000000001, 0.00136, 0.001471, 0.003394, 0.0024879999999999998, 0.00115, 0.00366, 0.0046, 0.010172, 0.0031730000000000005, 0.00136, 0.0024879999999999998, 0.001946, 0.007562999999999999, 0.042480000000000004, 0.005484, 0.013345000000000001, 0.0061140000000000005, 0.006844, 0.001968, 0.006656, 0.003295, 0.004312, 0.0022, 0.010471, 0.0022, 0.002654, 0.001227, 0.00115, 0.002421, 0.001426, 0.002399, 0.002842, 0.002079, 0.001117, 0.001471, 0.007751, 0.012782, 0.001426, 0.0014039999999999999, 0.007684, 0.001769, 0.009741, 0.001139, 0.006899, 0.002023, 0.001327, 0.002023, 0.0039689999999999994, 0.002079, 0.043696, 0.0043230000000000005, 0.33576900000000004]",Motor octane number,
96.6,5.367,test,"[255, 276, 305, 86, 111, 57, 82, 10, 245, 127, 28, 121, 256, 195, 336, 337, 344, 346, 347, 312, 328, 349, 99]","[0.029533999999999998, 0.013736, 0.010896999999999999, 0.003196, 0.0016239999999999998, 0.009212, 0.00623, 0.7723779999999999, 0.012428, 0.011009, 0.009538, 0.039051999999999996, 0.039113, 0.008036999999999999, 0.012490000000000001, 0.0017460000000000002, 0.001103, 0.0025629999999999997, 0.002216, 0.001542, 0.001266, 0.001389, 0.009701999999999999]",Motor octane number,
87.1,7.3925,test,"[255, 114, 8, 87, 333, 334, 276, 9, 305, 86, 111, 57, 82, 107, 10, 245, 127, 28, 121, 195, 130, 29, 104, 212, 336, 337, 339, 340, 342, 249, 343, 344, 346, 347, 15, 17, 79, 19, 43, 40, 96, 69, 109, 47, 16, 54, 312, 246, 328, 348, 350, 351, 352, 353, 354, 81, 60, 110, 117, 214, 112, 277, 358, 84, 359, 33, 326, 268, 360, 361, 203, 51]","[0.036115, 0.010497000000000001, 0.02483, 0.005222, 0.007439, 0.0015129999999999998, 0.052423000000000004, 0.103941, 0.007145, 0.011243000000000001, 0.011149, 0.007145, 0.010928, 0.00496, 0.045929000000000005, 0.003184, 0.00641, 0.005485, 0.018157, 0.005064999999999999, 0.0020169999999999997, 0.001093, 0.001503, 0.001681, 0.007587, 0.001271, 0.001986, 0.0018809999999999999, 0.00187, 0.002291, 0.004707, 0.0018809999999999999, 0.001702, 0.001366, 0.223308, 0.009299, 0.023337, 0.011474, 0.009699, 0.001618, 0.005979, 0.002848, 0.003562, 0.00207, 0.010255, 0.001902, 0.00207, 0.001082, 0.001996, 0.003089, 0.003425, 0.004886, 0.0018599999999999999, 0.0017649999999999999, 0.00228, 0.21215900000000001, 0.010318, 0.001229, 0.001587, 0.004014, 0.004949, 0.0031730000000000005, 0.001923, 0.009509, 0.0022170000000000002, 0.001145, 0.001061, 0.001334, 0.001051, 0.001555, 0.002238, 0.001114]",Motor octane number,
71.8,7.8989,train,"[10, 15, 2, 1]","[0.475, 0.075, 0.1, 0.35]",Motor octane number,
50.7,9.1668,train,"[10, 15, 1]","[0.055999999999999994, 0.402, 0.542]",Motor octane number,
82.9,9.9291,train,"[10, 15, 1]","[0.3, 0.5, 0.2]",Motor octane number,
81.5,9.3284,train,"[15, 1]","[0.74, 0.26]",Motor octane number,
86.7,10.8953,train,"[10, 15, 1]","[0.517, 0.337, 0.146]",Motor octane number,
66.3766,8.5457,train,"[19, 1, 55]","[0.40212699999999996, 0.506927, 0.090946]",Motor octane number,
86.0946,11.7545,test,"[110, 1, 55]","[0.410485, 0.117045, 0.47247]",Motor octane number,
86.1,6.6304,train,"[255, 114, 8, 87, 333, 276, 9, 86, 111, 57, 82, 107, 10, 245, 127, 28, 121, 130, 29, 336, 0, 15, 17, 79, 19, 43, 96, 109, 47, 16, 54, 246, 348, 349, 350, 81, 60, 110, 117, 214, 84, 2, 326, 1, 362, 66, 152, 283, 363, 364, 365, 294, 301, 366, 367, 368, 369, 370, 371, 372, 373, 137, 281, 374, 129, 375, 310, 376, 377, 102, 378, 106, 275, 304, 125, 302, 298, 379, 12, 380, 13]","[0.036000000000000004, 0.006826, 0.004507, 0.005024999999999999, 0.002398, 0.004587, 0.033353, 0.018905, 0.011113999999999999, 0.015453, 0.014846, 0.015423, 0.08804000000000001, 0.002308, 0.005423, 0.007632, 0.028428, 0.004617, 0.001552, 0.004896, 0.00402, 0.035831, 0.005512, 0.013781000000000002, 0.005333, 0.016944999999999998, 0.020318, 0.026168999999999998, 0.020229, 0.08867699999999999, 0.016697, 0.005284, 0.006169, 0.003075, 0.003891, 0.075323, 0.00799, 0.002687, 0.005443, 0.0029449999999999997, 0.0032240000000000003, 0.102448, 0.0025169999999999997, 0.01201, 0.001801, 0.02994, 0.001771, 0.006279, 0.056845999999999994, 0.001751, 0.0017410000000000001, 0.003095, 0.001692, 0.002408, 0.00194, 0.0036420000000000003, 0.002667, 0.003582, 0.003861, 0.005234, 0.001154, 0.0032340000000000003, 0.002836, 0.002378, 0.0016220000000000002, 0.00197, 0.003015, 0.007851, 0.004378, 0.001373, 0.0028060000000000003, 0.003174, 0.006338, 0.012209000000000001, 0.0065569999999999995, 0.0019500000000000001, 0.00208, 0.0034029999999999998, 0.0014030000000000002, 0.0014030000000000002, 0.0027660000000000002]",Motor octane number,
76.9674,6.7725,train,"[344, 260, 108]","[0.40401600000000004, 0.409674, 0.18631]",Motor octane number,
84.1,8.2938,train,"[255, 114, 8, 87, 333, 334, 335, 276, 9, 305, 86, 111, 57, 82, 107, 10, 127, 28, 195, 130, 29, 104, 336, 341, 342, 345, 0, 15, 17, 79, 19, 43, 96, 69, 109, 47, 16, 54, 312, 246, 328, 348, 350, 351, 352, 353, 354, 81, 60, 110, 117, 233, 277, 84, 99, 326, 268, 360, 361, 381, 232, 1, 66, 152, 137, 281, 374, 129, 310, 376, 377, 102, 106, 275, 304, 125, 302, 298, 379, 12, 13, 243, 173, 201, 382, 172, 383, 270, 331, 138, 188, 200, 384, 385, 386, 387, 388, 307, 389, 390, 234, 157, 391, 392, 393, 394, 181, 395, 396, 53, 23, 397, 155, 398, 399, 400, 401, 402, 403, 404, 309]","[0.052097, 0.015266, 0.014702, 0.0032069999999999998, 0.001108, 0.002431, 0.001971, 0.067807, 0.0026190000000000002, 0.008742, 0.038333, 0.025071, 0.005101, 0.020101, 0.020142000000000004, 0.002405, 0.002761, 0.0042120000000000005, 0.003602, 0.01065, 0.004015, 0.010360000000000001, 0.0014039999999999999, 0.003886, 0.005608999999999999, 0.0012839999999999998, 0.006952000000000001, 0.039108000000000004, 0.001371, 0.033813, 0.01467, 0.016842, 0.016214, 0.006725, 0.008690999999999999, 0.002533, 0.026615000000000003, 0.005504, 0.00462, 0.005183, 0.006014, 0.0060550000000000005, 0.003306, 0.004887, 0.003755, 0.005151, 0.0014169999999999999, 0.001727, 0.01789, 0.003921, 0.01169, 0.002011, 0.013405, 0.0014269999999999999, 0.00179, 0.003536, 0.001548, 0.006135000000000001, 0.00503, 0.006047, 0.002672, 0.010206, 0.007026, 0.00232, 0.005137, 0.005947, 0.003948, 0.003677, 0.001, 0.004357, 0.002438, 0.001956, 0.0038, 0.002724, 0.007901, 0.001143, 0.002785, 0.005627, 0.003025, 0.000987, 0.003104, 0.001256, 0.010459000000000001, 0.0026479999999999997, 0.0021190000000000002, 0.00479, 0.0010090000000000001, 0.002209, 0.002849, 0.001176, 0.0010789999999999999, 0.002226, 0.0011250000000000001, 0.002908, 0.001547, 0.00149, 0.00532, 0.0018440000000000002, 0.002072, 0.00157, 0.001095, 0.001151, 0.00344, 0.001057, 0.001072, 0.005848, 0.00101, 0.001087, 0.001086, 0.004022, 0.0024749999999999998, 0.0013800000000000002, 0.00203, 0.0018410000000000002, 0.001709, 0.0016339999999999998, 0.0018509999999999998, 0.000993, 0.001298, 0.0015170000000000001, 0.2]",Motor octane number,
68.0705,8.2396,train,"[114, 8, 344, 108]","[0.389902, 0.186604, 0.337125, 0.086369]",Motor octane number,
74.6,7.9131,train,"[255, 114, 8, 276, 305, 86, 111, 57, 0, 81, 60, 376, 377, 102, 106, 275, 304, 302, 298, 379, 13, 173, 382, 309, 74]","[0.003649, 0.012774, 0.012282, 0.018264, 0.003811, 0.010098000000000001, 0.006588, 0.00639, 0.001862, 0.0015509999999999999, 0.008480999999999999, 0.0018559999999999998, 0.0007620000000000001, 0.00046, 0.000931, 0.000807, 0.0035730000000000002, 0.000388, 0.001212, 0.000654, 0.0009170000000000001, 0.000879, 0.000357, 0.9, 0.001454]",Motor octane number,
91.7,10.8161,train,"[10, 15, 2, 1]","[0.6534, 0.135, 0.1, 0.1116]",Motor octane number,
91.3,7.3728,train,"[255, 276, 305, 86, 111, 57, 300, 82, 107, 10, 245, 127, 28, 121, 256, 195, 117, 2, 1, 66, 152, 137, 281, 374, 173, 262, 285, 405, 406, 142, 407]","[0.018633, 0.04813799999999999, 0.006898, 0.007793, 0.0029609999999999997, 0.012584999999999999, 0.001558, 0.020207000000000003, 0.026703, 0.11434, 0.0016350000000000002, 0.006178, 0.008505, 0.027101, 0.018474, 0.007216, 0.000805, 0.6, 0.026779999999999998, 0.030261999999999997, 0.0025580000000000004, 0.001094, 0.001171, 0.0014069999999999998, 0.001261, 0.0005, 0.000545, 0.000533, 0.0006219999999999999, 0.000517, 0.0030180000000000003]",Motor octane number,
84.9,10.3384,train,"[10, 15, 84, 1]","[0.465, 0.32, 0.075, 0.14]",Motor octane number,
89.4,9.3459,train,"[10, 15, 2, 1]","[0.4788, 0.2682, 0.1, 0.153]",Motor octane number,
90.7,9.0173,train,"[10, 81, 1]","[0.71, 0.2, 0.09]",Motor octane number,
81.256,7.3229,train,"[110, 1, 108]","[0.550431, 0.156949, 0.29262]",Motor octane number,
72.0,7.0069,train,"[10, 84, 1]","[0.57, 0.2, 0.23]",Motor octane number,
73.6,12.169,train,"[255, 87, 57, 82, 107, 10, 256, 104, 0, 17, 79, 19, 43, 40, 96, 69, 109, 47, 16, 54, 2, 1, 66, 152, 294, 366, 173, 23]","[0.082449, 0.092, 0.002253, 0.11164400000000001, 0.142461, 0.001352, 0.017571, 0.001532, 0.007389, 0.017391, 0.053524, 0.022437, 0.032439, 0.007479, 0.026581999999999998, 0.012255, 0.015949, 0.010543, 0.053795, 0.010182, 0.1, 0.12029400000000001, 0.037485, 0.014237, 0.002163, 0.001442, 0.001892, 0.001262]",Motor octane number,
55.5,6.3038,train,"[10, 15, 1]","[0.337, 0.198, 0.465]",Motor octane number,
82.4,9.6404,train,"[255, 114, 8, 276, 305, 86, 111, 57, 0, 81, 60, 376, 377, 102, 106, 275, 304, 302, 298, 379, 13, 173, 382, 74, 48]","[0.010946000000000001, 0.038321999999999995, 0.036847, 0.054793, 0.011434, 0.030293999999999998, 0.019763, 0.019171, 0.005587, 0.004653, 0.025444, 0.005567, 0.002285, 0.001381, 0.0027939999999999996, 0.00242, 0.010718, 0.001163, 0.0036349999999999998, 0.001963, 0.002752, 0.0026379999999999997, 0.00107, 0.0043619999999999996, 0.7]",Motor octane number,
77.7,8.7691,train,"[10, 16, 1]","[0.41, 0.3, 0.29]",Motor octane number,
77.2,8.4963,train,"[10, 15, 2, 1]","[0.45, 0.15, 0.1, 0.3]",Motor octane number,
80.7,8.3051,train,"[255, 114, 8, 276, 305, 86, 111, 57, 0, 81, 60, 376, 377, 102, 106, 275, 304, 302, 298, 379, 13, 173, 382, 309, 74]","[0.02919, 0.10219099999999999, 0.09825900000000001, 0.146114, 0.030491, 0.08078400000000001, 0.052702, 0.051123, 0.014899, 0.012407, 0.067851, 0.014844, 0.0060929999999999995, 0.003683, 0.00745, 0.0064529999999999995, 0.02858, 0.0031019999999999997, 0.009693, 0.005234, 0.007339, 0.007034, 0.002852, 0.2, 0.011632]",Motor octane number,
91.5676,9.8773,train,"[344, 260, 108]","[0.13249, 0.134345, 0.7331650000000001]",Motor octane number,
68.6149,9.1948,train,"[15, 1, 108]","[0.488193, 0.412188, 0.099619]",Motor octane number,
94.5481,11.1048,train,"[15, 1, 55]","[0.14374800000000001, 0.121369, 0.734883]",Motor octane number,
79.5,8.332,train,"[84, 2]","[0.6, 0.4]",Motor octane number,
94.0037,10.5965,test,"[344, 55, 260]","[0.139884, 0.718272, 0.141844]",Motor octane number,
69.5579,7.3446,train,"[344, 260]","[0.496523, 0.5034770000000001]",Motor octane number,
82.2,9.3495,train,"[255, 114, 8, 276, 305, 86, 111, 57, 0, 81, 60, 376, 377, 102, 106, 275, 304, 302, 298, 379, 13, 173, 382, 74, 48]","[0.021892000000000002, 0.076643, 0.073694, 0.109586, 0.022868, 0.060587999999999996, 0.039526, 0.038342999999999995, 0.011175, 0.009305, 0.050888, 0.011132999999999999, 0.00457, 0.002762, 0.005587, 0.00484, 0.021435, 0.002326, 0.0072699999999999996, 0.003926, 0.005504, 0.0052759999999999994, 0.0021390000000000003, 0.008723999999999999, 0.4]",Motor octane number,
68.0,8.8409,train,"[10, 15, 1]","[0.1, 0.5, 0.4]",Motor octane number,
82.7154,8.0911,train,"[344, 2, 260]","[0.35707500000000003, 0.28085, 0.362076]",Motor octane number,
94.391,9.6893,train,"[15, 2, 1]","[0.136501, 0.7482489999999999, 0.11525]",Motor octane number,
85.4659,8.3272,train,"[344, 1, 108]","[0.495303, 0.225015, 0.279682]",Motor octane number,
60.8,5.7162,train,"[10, 1]","[0.6, 0.4]",Motor octane number,
88.5,5.8965,train,"[255, 276, 9, 305, 86, 111, 57, 300, 82, 107, 10, 245, 127, 28, 121, 256, 195, 17, 79, 19, 43, 47, 81, 2, 1, 66, 152, 283, 374, 302, 262, 285, 405, 407, 306]","[0.019038, 0.076499, 0.041797, 0.011713, 0.004078, 0.00182, 0.033083, 0.001271, 0.017008000000000002, 0.021296, 0.194768, 0.005066, 0.015271, 0.01966, 0.051536, 0.043699, 0.014146, 0.010031000000000002, 0.030687000000000002, 0.012929999999999999, 0.014530000000000001, 0.0015359999999999998, 0.093004, 0.1, 0.018983, 0.048856000000000004, 0.001966, 0.001225, 0.00096, 0.081299, 0.001225, 0.001436, 0.001116, 0.007306, 0.001161]",Motor octane number,
73.8913,5.306,test,"[344, 55, 260]","[0.453683, 0.08628, 0.46003700000000003]",Motor octane number,
85.6,9.9047,train,"[10, 15, 1]","[0.64, 0.2, 0.16]",Motor octane number,
86.0679,9.488,train,"[19, 2, 1]","[0.225067, 0.491211, 0.283723]",Motor octane number,
84.0,9.6404,train,"[10, 15, 1]","[0.667, 0.16699999999999998, 0.166]",Motor octane number,
85.2,9.9762,train,"[10, 15, 1]","[0.05, 0.74, 0.21]",Motor octane number,
87.8,9.8392,train,"[10, 15, 81, 1]","[0.51, 0.15, 0.2, 0.14]",Motor octane number,
85.9,7.853,train,"[255, 87, 57, 82, 107, 10, 256, 104, 0, 17, 79, 19, 43, 40, 96, 69, 109, 47, 16, 54, 2, 1, 66, 152, 294, 366, 173, 23]","[0.054966, 0.061334, 0.001502, 0.074429, 0.094974, 0.000901, 0.011714, 0.001021, 0.004926, 0.011594, 0.035683, 0.014958, 0.021626, 0.004986, 0.017721, 0.00817, 0.010632999999999998, 0.0070279999999999995, 0.035863, 0.006788, 0.4, 0.080196, 0.024990000000000002, 0.009491000000000001, 0.001442, 0.000961, 0.001262, 0.000841]",Motor octane number,
90.3,6.6887,train,"[255, 276, 9, 305, 86, 111, 57, 300, 82, 107, 10, 245, 127, 28, 121, 256, 195, 17, 79, 19, 43, 47, 81, 2, 1, 66, 152, 283, 374, 302, 262, 285, 405, 407, 306]","[0.012692000000000002, 0.050998999999999996, 0.027865, 0.007809, 0.0027189999999999996, 0.001213, 0.022054999999999998, 0.000847, 0.011338999999999998, 0.014197999999999999, 0.12984500000000002, 0.003377, 0.01018, 0.013106, 0.034357, 0.029133, 0.009431, 0.006686999999999999, 0.020457999999999997, 0.00862, 0.009687, 0.001024, 0.062003, 0.4, 0.012655000000000001, 0.032570999999999996, 0.0013109999999999999, 0.0008169999999999999, 0.00064, 0.0542, 0.0008169999999999999, 0.000957, 0.000744, 0.0048709999999999995, 0.000774]",Motor octane number,
90.5,8.1104,train,"[255, 276, 9, 305, 86, 111, 57, 300, 82, 107, 10, 245, 127, 28, 121, 256, 195, 17, 79, 19, 43, 47, 81, 2, 1, 66, 152, 283, 374, 302, 262, 285, 405, 407, 306]","[0.008461, 0.033999, 0.018577, 0.005206, 0.001813, 0.000809, 0.014704, 0.000565, 0.007559, 0.009465, 0.086563, 0.002251, 0.006787, 0.008738000000000001, 0.022905000000000002, 0.019422, 0.006287, 0.004458, 0.013638999999999998, 0.0057469999999999995, 0.006458, 0.000683, 0.041335, 0.6, 0.008437, 0.021714, 0.0008740000000000001, 0.000545, 0.000427, 0.036133, 0.000545, 0.000638, 0.000496, 0.003247, 0.000516]",Motor octane number,
90.0,9.6359,train,"[10, 1]","[0.9, 0.1]",Motor octane number,
89.0,9.8292,train,"[10, 2, 1]","[0.16, 0.6, 0.24]",Motor octane number,
37.0,7.287,train,"[10, 15, 1]","[0.16699999999999998, 0.16699999999999998, 0.6659999999999999]",Motor octane number,
102.0,13.8201,train,"[16, 2]","[0.9, 0.1]",Motor octane number,
71.0511,6.8033,train,"[110, 1]","[0.778126, 0.22187400000000002]",Motor octane number,
69.7151,9.1875,train,"[15, 1, 55]","[0.49172499999999997, 0.41517000000000004, 0.093105]",Motor octane number,
80.8506,8.468,train,"[114, 8, 344, 108]","[0.31273, 0.14967, 0.270399, 0.26720099999999997]",Motor octane number,
85.2,10.9813,train,"[10, 15, 1]","[0.05, 0.7390000000000001, 0.21]",Motor octane number,
85.8,10.2242,train,"[10, 15, 1]","[0.435, 0.39899999999999997, 0.165]",Motor octane number,
91.0,11.5254,train,"[10, 2, 1]","[0.04, 0.9, 0.06]",Motor octane number,
80.7,8.2336,train,"[255, 114, 8, 276, 305, 86, 111, 57, 0, 81, 60, 376, 377, 102, 106, 275, 304, 302, 298, 379, 13, 173, 382, 309, 74]","[0.025541, 0.08941700000000001, 0.085976, 0.12785, 0.026680000000000002, 0.070686, 0.046113999999999995, 0.044733, 0.013037, 0.010856, 0.059369, 0.012988999999999999, 0.005331, 0.0032229999999999997, 0.0065190000000000005, 0.005646, 0.025008, 0.002714, 0.008480999999999999, 0.00458, 0.006422, 0.006155000000000001, 0.002496, 0.3, 0.010178]",Motor octane number,
91.1,10.2713,train,"[10, 15, 2, 1]","[0.0694, 0.09, 0.8, 0.0406]",Motor octane number,
66.8,7.5365,train,"[10, 2, 1]","[0.5, 0.1, 0.4]",Motor octane number,
86.1,9.6169,train,"[10, 15, 1]","[0.532, 0.298, 0.17]",Motor octane number,
57.7,10.4861,train,"[15, 1]","[0.5, 0.5]",Motor octane number,
71.6798,9.3839,train,"[15, 2, 1]","[0.48843899999999996, 0.09916399999999999, 0.41239600000000004]",Motor octane number,
66.0216,8.4824,train,"[15, 1]","[0.542207, 0.457793]",Motor octane number,
87.4,10.1307,train,"[10, 15, 1]","[0.16699999999999998, 0.667, 0.16699999999999998]",Motor octane number,
91.0581,9.9965,train,"[114, 8, 344, 2]","[0.120572, 0.057705, 0.10425100000000001, 0.7174720000000001]",Motor octane number,
92.1,8.9044,train,"[10, 15, 2, 1]","[0.31920000000000004, 0.1788, 0.4, 0.102]",Motor octane number,
82.0418,7.7399,test,"[110, 1, 55]","[0.562295, 0.160332, 0.27737300000000004]",Motor octane number,
88.7,9.9897,train,"[10, 15, 1]","[0.1, 0.74, 0.16]",Motor octane number,
78.4044,8.6511,test,"[110, 1, 55]","[0.635772, 0.181284, 0.182944]",Motor octane number,
90.5548,8.7199,train,"[344, 2, 1]","[0.36164, 0.474067, 0.16429200000000002]",Motor octane number,
87.5,11.7566,train,"[10, 2, 1]","[0.2, 0.5, 0.3]",Motor octane number,
78.0,14.1659,test,"[255, 276, 9, 305, 86, 111, 57, 82, 107, 10, 245, 127, 28, 121, 0, 15, 81, 117, 84, 2, 1, 66, 152, 283, 137, 281, 374, 129, 173, 385, 142, 408]","[0.005874000000000001, 0.030408, 0.002653, 0.016928000000000002, 0.052525, 0.019174, 0.020402, 0.093436, 0.123835, 0.117537, 0.002716, 0.009547, 0.01229, 0.031084999999999998, 0.005252, 0.027584, 0.001678, 0.003781, 0.05432000000000001, 0.1, 0.126019, 0.056882999999999996, 0.01192, 0.008726000000000001, 0.005243, 0.005468, 0.006659000000000001, 0.001047, 0.036256, 0.0017050000000000001, 0.002409, 0.006641]",Motor octane number,
84.0,10.6358,train,"[84, 2]","[0.4, 0.6]",Motor octane number,
81.458,7.179,train,"[344, 260, 108]","[0.356564, 0.361558, 0.281877]",Motor octane number,
70.0,7.3971,train,"[10, 1]","[0.7, 0.3]",Motor octane number,
83.2318,10.8614,train,"[15, 2, 1]","[0.380604, 0.298047, 0.321349]",Motor octane number,
99.9,10.2771,train,"[10, 2]","[0.9, 0.1]",Motor octane number,
64.4,5.9482,train,"[10, 15, 1]","[0.54, 0.1, 0.36]",Motor octane number,
87.2,8.717,train,"[10, 15, 2, 1]","[0.3123, 0.405, 0.1, 0.1827]",Motor octane number,
73.3817,8.7947,train,"[114, 8, 344, 2]","[0.390073, 0.18668600000000002, 0.337273, 0.085969]",Motor octane number,
83.7,10.2785,train,"[10, 15, 1]","[0.2, 0.6, 0.2]",Motor octane number,
69.4,7.5821,train,"[10, 15, 2, 1]","[0.45, 0.15, 0.05, 0.35]",Motor octane number,
70.5,8.6696,train,"[10, 15, 2, 1]","[0.045, 0.322, 0.2, 0.433]",Motor octane number,
82.7,9.8654,train,"[10, 15, 84, 1]","[0.39, 0.3, 0.2, 0.11]",Motor octane number,
72.1246,9.6034,train,"[19, 1, 55]","[0.361079, 0.45518099999999995, 0.18374]",Motor octane number,
75.2,8.2364,train,"[255, 114, 8, 276, 305, 86, 111, 57, 0, 81, 60, 376, 377, 102, 106, 275, 304, 302, 298, 379, 13, 173, 382, 309, 74]","[0.0072970000000000005, 0.025548, 0.024565, 0.036529, 0.007623, 0.020196000000000002, 0.013175, 0.012781, 0.003725, 0.0031019999999999997, 0.016963, 0.003711, 0.0015229999999999998, 0.000921, 0.001862, 0.001613, 0.007145, 0.000775, 0.002423, 0.0013089999999999998, 0.001835, 0.001759, 0.000713, 0.8, 0.002908]",Motor octane number,
62.3,5.7611,train,"[10, 15, 1]","[0.45, 0.15, 0.4]",Motor octane number,
68.0,7.5719,train,"[10, 15, 1]","[0.24, 0.4, 0.36]",Motor octane number,
96.6,11.084,train,"[10, 15, 1]","[0.2, 0.74, 0.06]",Motor octane number,
77.7,8.5487,train,"[10, 15, 2, 1]","[0.37799999999999995, 0.08199999999999999, 0.2, 0.34]",Motor octane number,
84.0,7.66,train,"[10, 245, 121, 195, 15, 84, 99, 1, 309]","[0.37479599999999996, 0.0016409999999999999, 0.005631000000000001, 0.002489, 0.174846, 0.033687, 0.001963, 0.104947, 0.3]",Motor octane number,
74.8,10.2908,train,"[15, 1]","[0.66, 0.34]",Motor octane number,
76.6152,8.6037,train,"[19, 1, 108]","[0.312428, 0.393851, 0.293722]",Motor octane number,
75.2947,10.4742,train,"[15, 1, 55]","[0.44046300000000005, 0.37188899999999997, 0.187648]",Motor octane number,
68.0,7.1607,train,"[10, 15, 84, 1]","[0.44, 0.15, 0.1, 0.31]",Motor octane number,
95.9,10.7655,train,"[10, 2]","[0.6, 0.4]",Motor octane number,
87.8,8.625,train,"[10, 15, 2, 1]","[0.284, 0.061, 0.4, 0.255]",Motor octane number,
74.6,7.4214,train,"[10, 16, 1]","[0.57, 0.15, 0.28]",Motor octane number,
92.147,10.7048,train,"[19, 1, 55]","[0.11951700000000001, 0.150665, 0.7298180000000001]",Motor octane number,
92.6,9.7221,train,"[10, 15, 2, 1]","[0.2904, 0.06, 0.6, 0.0496]",Motor octane number,
91.0,6.4441,train,"[255, 114, 8, 276, 305, 86, 111, 57, 82, 107, 10, 245, 127, 28, 121, 256, 195, 40, 96, 69, 109, 47, 16, 54, 2, 66, 262, 285, 405, 406, 407, 306, 409]","[0.016745, 0.068236, 0.060495, 0.040676, 0.011243000000000001, 0.0034100000000000003, 0.001958, 0.027164, 0.001598, 0.001342, 0.163796, 0.0037519999999999997, 0.012237, 0.016501, 0.046837, 0.033228, 0.012938, 0.0010249999999999999, 0.003691, 0.001708, 0.002275, 0.002696, 0.007644, 0.0013969999999999998, 0.4, 0.042366, 0.001043, 0.0011899999999999999, 0.00133, 0.0015429999999999999, 0.008406, 0.000805, 0.000726]",Motor octane number,
91.7,6.0827,train,"[255, 276, 305, 86, 111, 57, 300, 82, 107, 10, 245, 127, 28, 121, 256, 195, 117, 2, 1, 66, 152, 137, 281, 374, 173, 262, 285, 405, 406, 142, 407]","[0.027949, 0.072207, 0.010348, 0.01169, 0.004442, 0.018876999999999998, 0.002337, 0.030310999999999998, 0.040054, 0.17151, 0.002453, 0.009268, 0.012758, 0.040652, 0.027711, 0.010823000000000001, 0.001208, 0.4, 0.040170000000000004, 0.045392999999999996, 0.003838, 0.0016409999999999999, 0.0017569999999999999, 0.002111, 0.0018909999999999999, 0.00075, 0.0008179999999999999, 0.000799, 0.0009329999999999999, 0.000775, 0.004527]",Motor octane number,
71.9,6.9528,train,"[10, 15, 1]","[0.55, 0.15, 0.3]",Motor octane number,
87.3,10.7134,train,"[10, 15, 1]","[0.35, 0.5, 0.149]",Motor octane number,
87.9,6.7002,train,"[255, 114, 8, 87, 333, 276, 9, 86, 111, 57, 82, 107, 10, 245, 127, 28, 121, 130, 29, 336, 0, 15, 17, 79, 19, 43, 96, 109, 47, 16, 54, 246, 348, 349, 350, 81, 60, 110, 117, 214, 84, 2, 326, 1, 362, 66, 152, 283, 363, 364, 365, 294, 301, 366, 367, 368, 369, 370, 371, 372, 373, 137, 281, 374, 129, 375, 310, 376, 377, 102, 378, 106, 275, 304, 125, 302, 298, 379, 12, 380, 13]","[0.03, 0.0056879999999999995, 0.003756, 0.004187, 0.001998, 0.0038229999999999996, 0.027794, 0.015754999999999998, 0.009262, 0.012877000000000001, 0.012371, 0.012851999999999999, 0.073367, 0.001924, 0.0045190000000000004, 0.00636, 0.023690000000000003, 0.0038469999999999997, 0.0012939999999999998, 0.004079999999999999, 0.00335, 0.029859, 0.004594, 0.011484000000000001, 0.004444, 0.014121, 0.016932, 0.021808, 0.016857, 0.073897, 0.013914, 0.004403000000000001, 0.005141, 0.002562, 0.003242, 0.062769, 0.006658, 0.0022389999999999997, 0.004536, 0.002454, 0.002687, 0.25204, 0.002098, 0.010008, 0.0015010000000000002, 0.02495, 0.001476, 0.005232, 0.047370999999999996, 0.001459, 0.001451, 0.002579, 0.0014099999999999998, 0.002007, 0.0016170000000000002, 0.003035, 0.002222, 0.002985, 0.003217, 0.0043619999999999996, 0.000962, 0.0026950000000000003, 0.002363, 0.001982, 0.001352, 0.0016420000000000002, 0.002512, 0.006542, 0.003648, 0.001144, 0.0023380000000000002, 0.002645, 0.005282, 0.010174, 0.005464, 0.0016250000000000001, 0.0017330000000000002, 0.002836, 0.0011690000000000001, 0.0011690000000000001, 0.002305]",Motor octane number,
99.1,8.9449,train,"[10, 2]","[0.8, 0.2]",Motor octane number,
58.0,5.3197,train,"[10, 15, 1]","[0.473, 0.102, 0.425]",Motor octane number,
64.5,25.0099,test,"[2, 1]","[0.4, 0.6]",Motor octane number,
94.5595,11.5248,test,"[110, 1, 55]","[0.211053, 0.060179, 0.7287680000000001]",Motor octane number,
76.5745,7.8045,train,"[110, 2, 1]","[0.703103, 0.096415, 0.20048200000000002]",Motor octane number,
89.7,8.9997,test,"[255, 276, 9, 305, 86, 111, 57, 82, 107, 10, 245, 127, 28, 121, 0, 15, 81, 117, 84, 2, 1, 66, 152, 283, 137, 281, 374, 129, 173, 385, 142, 408]","[0.002611, 0.013515, 0.0011790000000000001, 0.007522999999999999, 0.023344, 0.008522, 0.009066999999999999, 0.041527, 0.055038000000000004, 0.05223900000000001, 0.001207, 0.004243, 0.005462, 0.013816, 0.002334, 0.01226, 0.000746, 0.00168, 0.024142, 0.6, 0.056009, 0.025280999999999998, 0.005298000000000001, 0.003878, 0.00233, 0.00243, 0.00296, 0.00046499999999999997, 0.016114, 0.0007580000000000001, 0.001071, 0.002952]",Motor octane number,
84.6,7.0989,train,"[10, 15, 1]","[0.742, 0.09699999999999999, 0.162]",Motor octane number,
74.5,8.0679,train,"[84, 2]","[0.75, 0.25]",Motor octane number,
84.7,9.4557,train,"[10, 15, 1]","[0.525, 0.3, 0.175]",Motor octane number,
82.3225,7.5557,test,"[344, 55, 260]","[0.363962, 0.266979, 0.369059]",Motor octane number,
50.0,5.0821,train,"[10, 1]","[0.5, 0.5]",Motor octane number,
88.0255,11.0881,train,"[15, 1, 55]","[0.281816, 0.237941, 0.480242]",Motor octane number,
82.6,9.1416,train,"[15, 1]","[0.75, 0.25]",Motor octane number,
85.3873,8.8005,train,"[110, 2, 1]","[0.396936, 0.489882, 0.11318199999999999]",Motor octane number,
85.0,9.4313,train,"[10, 15, 1]","[0.63, 0.2, 0.17]",Motor octane number,
73.1,9.7332,train,"[15, 1]","[0.64, 0.36]",Motor octane number,
77.6972,8.4217,train,"[110, 1, 108]","[0.626861, 0.178743, 0.194397]",Motor octane number,
89.5,6.4031,train,"[255, 276, 9, 305, 86, 111, 57, 300, 82, 107, 10, 245, 127, 28, 121, 256, 195, 17, 79, 19, 43, 47, 81, 2, 1, 66, 152, 283, 374, 302, 262, 285, 405, 407, 306]","[0.015865, 0.063749, 0.034831, 0.009760999999999999, 0.0033989999999999997, 0.0015160000000000002, 0.027569, 0.001059, 0.014173, 0.017747, 0.16230599999999998, 0.004221, 0.012725, 0.016383, 0.042946, 0.036416, 0.011788, 0.008359, 0.025573000000000002, 0.010775, 0.012108, 0.00128, 0.077503, 0.25, 0.015819, 0.040714, 0.001638, 0.001021, 0.0008, 0.06775, 0.001021, 0.001196, 0.0009299999999999999, 0.006088, 0.000968]",Motor octane number,
82.6,9.6729,train,"[255, 114, 8, 276, 305, 86, 111, 57, 0, 81, 60, 376, 377, 102, 106, 275, 304, 302, 298, 379, 13, 173, 382, 74, 48]","[0.014595, 0.051096, 0.049129, 0.073057, 0.015246, 0.040392000000000004, 0.026351, 0.025562, 0.00745, 0.006202999999999999, 0.033925000000000004, 0.007422, 0.0030459999999999997, 0.001842, 0.003725, 0.003226, 0.01429, 0.0015509999999999999, 0.004846, 0.002617, 0.003669, 0.003517, 0.001426, 0.005816, 0.6]",Motor octane number,
72.0,7.319,train,"[10, 15, 16, 1]","[0.36, 0.17600000000000002, 0.12300000000000001, 0.34]",Motor octane number,
90.1452,10.0598,train,"[114, 8, 344, 108]","[0.12013299999999999, 0.057495000000000004, 0.103872, 0.718501]",Motor octane number,
80.2,8.7066,train,"[255, 114, 8, 276, 305, 86, 111, 57, 0, 81, 60, 376, 377, 102, 106, 275, 304, 302, 298, 379, 13, 173, 382, 309, 74]","[0.021892000000000002, 0.076643, 0.073694, 0.109586, 0.022868, 0.060587999999999996, 0.039526, 0.038342999999999995, 0.011175, 0.009305, 0.050888, 0.011132999999999999, 0.00457, 0.002762, 0.005587, 0.00484, 0.021435, 0.002326, 0.0072699999999999996, 0.003926, 0.005504, 0.0052759999999999994, 0.0021390000000000003, 0.4, 0.008723999999999999]",Motor octane number,
89.9793,8.849,train,"[114, 8, 344, 2]","[0.23112, 0.11061199999999999, 0.19983599999999999, 0.458432]",Motor octane number,
90.3,9.4158,train,"[10, 15, 1]","[0.723, 0.179, 0.098]",Motor octane number,
91.1,8.573,train,"[10, 15, 2, 1]","[0.42560000000000003, 0.2384, 0.2, 0.136]",Motor octane number,
92.2716,11.393,train,"[344, 1, 55]","[0.373572, 0.169713, 0.456714]",Motor octane number,
94.2,11.2649,train,"[10, 2]","[0.4, 0.6]",Motor octane number,
58.0,10.4861,train,"[15, 1]","[0.5, 0.5]",Motor octane number,
92.2,10.5248,train,"[10, 2, 1]","[0.182, 0.8, 0.018000000000000002]",Motor octane number,
87.4,10.1673,train,"[10, 15, 1]","[0.16699999999999998, 0.6659999999999999, 0.166]",Motor octane number,
90.5,9.2821,train,"[10, 16, 1]","[0.76, 0.15, 0.09]",Motor octane number,
86.6,6.5954,train,"[255, 114, 8, 276, 9, 86, 111, 57, 300, 82, 107, 10, 245, 127, 28, 336, 0, 15, 17, 79, 19, 43, 109, 47, 16, 54, 246, 348, 349, 350, 81, 60, 110, 117, 84, 2, 99, 1, 362, 66, 152, 283, 363, 301, 367, 368, 369, 371, 372, 373, 137, 281, 374, 310, 376, 377, 102, 378, 106, 275, 304, 302, 298, 379, 12, 380, 13, 173, 410, 411, 412, 413, 387, 414, 147, 62, 299, 415]","[0.021711, 0.042567, 0.013113, 0.075772, 0.001918, 0.026442999999999998, 0.01367, 0.007196, 0.002845, 0.02467, 0.03202, 0.127535, 0.001794, 0.0069169999999999995, 0.009433, 0.0044540000000000005, 0.003155, 0.180813, 0.011289, 0.030804, 0.013381, 0.016711, 0.003701, 0.004093, 0.013835, 0.004155, 0.001464, 0.004392, 0.00233, 0.004144, 0.009495, 0.006773, 0.00133, 0.002763, 0.001155, 0.040721, 0.002, 0.022422, 0.003505, 0.01133, 0.003433, 0.00668, 0.007835, 0.002938, 0.001722, 0.003876, 0.005763000000000001, 0.005732, 0.007897, 0.002206, 0.002474, 0.002113, 0.002144, 0.005763000000000001, 0.014773000000000001, 0.008062, 0.001443, 0.002866, 0.0031130000000000003, 0.012536, 0.023247, 0.0028970000000000003, 0.002134, 0.0030719999999999996, 0.002742, 0.001052, 0.002732, 0.004062, 0.002072, 0.0034839999999999997, 0.001794, 0.002052, 0.025710999999999998, 0.002031, 0.001773, 0.001351, 0.004289, 0.00232]",Motor octane number,
80.9528,11.439,train,"[15, 1, 55]","[0.388404, 0.32793500000000003, 0.28366199999999997]",Motor octane number,
94.3,8.5175,train,"[10, 2, 1]","[0.8190000000000001, 0.1, 0.081]",Motor octane number,
79.3568,9.7166,train,"[114, 8, 344, 2]","[0.35222200000000004, 0.168571, 0.304546, 0.17466]",Motor octane number,
81.4,7.735,train,"[255, 114, 8, 276, 305, 86, 111, 57, 0, 81, 60, 376, 377, 102, 106, 275, 304, 302, 298, 379, 13, 173, 382, 74, 48]","[0.003649, 0.012774, 0.012282, 0.018264, 0.003811, 0.010098000000000001, 0.006588, 0.00639, 0.001862, 0.0015509999999999999, 0.008480999999999999, 0.0018559999999999998, 0.0007620000000000001, 0.00046, 0.000931, 0.000807, 0.0035730000000000002, 0.000388, 0.001212, 0.000654, 0.0009170000000000001, 0.000879, 0.000357, 0.001454, 0.9]",Motor octane number,
91.7,10.1026,train,"[10, 15, 2, 1]","[0.1452, 0.03, 0.8, 0.0248]",Motor octane number,
84.7,8.7648,train,"[10, 245, 121, 195, 15, 84, 99, 1]","[0.5354220000000001, 0.002344, 0.008044, 0.003556, 0.24978, 0.048125, 0.002805, 0.149924]",Motor octane number,
20.0,7.6933,train,"[10, 1]","[0.2, 0.8]",Motor octane number,
71.103,7.9882,train,"[19, 1, 108]","[0.35599600000000003, 0.448774, 0.195231]",Motor octane number,
84.5,8.602,train,"[255, 114, 8, 87, 333, 334, 335, 276, 9, 305, 86, 111, 57, 82, 107, 10, 127, 28, 195, 130, 29, 104, 336, 341, 342, 345, 0, 15, 17, 79, 19, 43, 96, 69, 109, 47, 16, 54, 312, 246, 328, 348, 350, 351, 352, 353, 354, 81, 60, 110, 117, 233, 277, 84, 99, 326, 268, 360, 361, 381, 232, 1, 66, 152, 137, 281, 374, 129, 310, 376, 377, 102, 106, 275, 304, 125, 302, 298, 379, 12, 13, 243, 173, 201, 382, 172, 383, 270, 331, 138, 188, 200, 384, 385, 386, 387, 388, 307, 389, 390, 234, 157, 391, 392, 393, 394, 181, 395, 396, 53, 23, 397, 155, 398, 399, 400, 401, 402, 403, 404, 309]","[0.058609999999999995, 0.017174000000000002, 0.016538999999999998, 0.003608, 0.001247, 0.002735, 0.0022170000000000002, 0.076283, 0.002946, 0.009835, 0.043125, 0.028203999999999996, 0.005738999999999999, 0.022614000000000002, 0.02266, 0.002706, 0.003106, 0.004739, 0.004053, 0.011980999999999999, 0.004517, 0.011655, 0.001579, 0.004372, 0.00631, 0.0014449999999999999, 0.007821, 0.04399600000000001, 0.001542, 0.038039, 0.016504, 0.018948, 0.018241, 0.007565, 0.009778, 0.0028499999999999997, 0.029942000000000003, 0.006192, 0.005198, 0.005829999999999999, 0.0067659999999999994, 0.006812, 0.0037199999999999998, 0.005496999999999999, 0.004225, 0.005795, 0.001594, 0.001943, 0.020125999999999998, 0.004411, 0.013151999999999999, 0.002262, 0.015081, 0.001606, 0.002014, 0.003977, 0.0017410000000000001, 0.006902, 0.005658, 0.006802, 0.003006, 0.011480999999999998, 0.007904, 0.00261, 0.005778999999999999, 0.006691, 0.004442, 0.004136, 0.0011250000000000001, 0.004901, 0.002742, 0.002201, 0.004275, 0.003064, 0.008888, 0.0012859999999999998, 0.0031330000000000004, 0.00633, 0.0034029999999999998, 0.001111, 0.0034920000000000003, 0.0014119999999999998, 0.011766, 0.002979, 0.002383, 0.0053890000000000006, 0.001135, 0.002486, 0.003205, 0.001323, 0.001214, 0.002504, 0.001265, 0.0032719999999999997, 0.0017399999999999998, 0.0016769999999999999, 0.005985000000000001, 0.002074, 0.002331, 0.001766, 0.001232, 0.0012950000000000001, 0.00387, 0.001189, 0.001206, 0.006579000000000001, 0.001136, 0.001222, 0.001221, 0.004525, 0.002784, 0.001552, 0.002284, 0.002071, 0.001923, 0.001838, 0.002083, 0.001117, 0.00146, 0.001707, 0.1]",Motor octane number,
69.9785,9.9574,train,"[344, 1]","[0.687617, 0.31238299999999997]",Motor octane number,
65.748,7.8496,train,"[19, 1, 108]","[0.399305, 0.50337, 0.097325]",Motor octane number,
70.3,8.7842,train,"[15, 1]","[0.62, 0.38]",Motor octane number,
88.0,10.8381,train,"[10, 15, 81, 1]","[0.62, 0.15, 0.1, 0.13]",Motor octane number,
76.0,12.2529,train,"[10, 2, 1]","[0.28, 0.3, 0.42]",Motor octane number,
81.7,9.7629,train,"[255, 87, 57, 82, 107, 10, 256, 104, 0, 17, 79, 19, 43, 40, 96, 69, 109, 47, 16, 54, 2, 1, 66, 152, 294, 366, 173, 23]","[0.068707, 0.076667, 0.001877, 0.093037, 0.118717, 0.001126, 0.014643, 0.0012770000000000001, 0.006157, 0.014492, 0.044604, 0.018697, 0.027031999999999997, 0.006232, 0.022151999999999998, 0.010212, 0.013290999999999999, 0.008786, 0.044829, 0.008485, 0.25, 0.100245, 0.031237, 0.011864, 0.001802, 0.001201, 0.001577, 0.001051]",Motor octane number,
87.1,6.4531,train,"[255, 114, 8, 276, 305, 86, 111, 57, 82, 107, 10, 245, 127, 28, 121, 256, 195, 40, 96, 69, 109, 47, 16, 54, 2, 66, 262, 285, 405, 406, 407, 306, 409]","[0.025116999999999997, 0.102355, 0.09074299999999999, 0.061014, 0.016864, 0.005115, 0.0029370000000000004, 0.040746000000000004, 0.002397, 0.002013, 0.245693, 0.005627, 0.018355, 0.024751, 0.070256, 0.049840999999999996, 0.019408, 0.001537, 0.005536, 0.002562, 0.003413, 0.004044, 0.011465000000000001, 0.002095, 0.1, 0.063548, 0.001565, 0.001784, 0.0019950000000000002, 0.0023150000000000002, 0.012608999999999999, 0.001208, 0.001089]",Motor octane number,
66.9,9.4458,train,"[15, 1]","[0.58, 0.42]",Motor octane number,
80.8,8.7745,train,"[255, 114, 8, 276, 305, 86, 111, 57, 0, 81, 60, 376, 377, 102, 106, 275, 304, 302, 298, 379, 13, 173, 382, 74, 48]","[0.032838, 0.114965, 0.110541, 0.164378, 0.034303, 0.090882, 0.05929, 0.057514, 0.016762, 0.013958, 0.07633200000000001, 0.0167, 0.006854, 0.004144, 0.008381, 0.007259, 0.032153, 0.003489, 0.010905, 0.005888, 0.008256, 0.007914, 0.003209, 0.013085, 0.1]",Motor octane number,
92.6,5.8374,train,"[255, 276, 305, 86, 111, 57, 300, 82, 107, 10, 245, 127, 28, 121, 256, 195, 117, 2, 1, 66, 152, 137, 281, 374, 173, 262, 285, 405, 406, 142, 407]","[0.034937, 0.090259, 0.012934000000000001, 0.014612, 0.0055520000000000005, 0.023596, 0.0029210000000000004, 0.037888000000000005, 0.050068, 0.214387, 0.0030659999999999997, 0.011585000000000002, 0.015947, 0.050815, 0.034639, 0.013529, 0.00151, 0.25, 0.050213, 0.056741, 0.004797, 0.002052, 0.002196, 0.0026390000000000003, 0.0023639999999999998, 0.0009379999999999999, 0.001022, 0.000999, 0.001167, 0.000969, 0.005659]",Motor octane number,
85.9,10.3825,train,"[81, 2]","[0.9, 0.1]",Motor octane number,
63.6149,9.2373,train,"[19, 1]","[0.442358, 0.557642]",Motor octane number,
74.0373,9.2824,train,"[15, 1, 108]","[0.434133, 0.36654400000000004, 0.19932300000000003]",Motor octane number,
0.0,6.3204,train,"[10, 1]","[0.1, 0.9]",Motor octane number,
93.5,10.7529,train,"[16, 2]","[0.6, 0.4]",Motor octane number,
82.0,7.7014,train,"[10, 15, 1]","[0.72, 0.1, 0.18]",Motor octane number,
85.3,10.8765,test,"[255, 276, 9, 305, 86, 111, 57, 82, 107, 10, 245, 127, 28, 121, 0, 15, 81, 117, 84, 2, 1, 66, 152, 283, 137, 281, 374, 129, 173, 385, 142, 408]","[0.004895, 0.025339999999999998, 0.002211, 0.014106, 0.043769999999999996, 0.015979, 0.017001, 0.077863, 0.103196, 0.09794800000000001, 0.002263, 0.007956, 0.010241, 0.025903999999999996, 0.004376, 0.022987, 0.001399, 0.0031509999999999997, 0.045267, 0.25, 0.105016, 0.047402, 0.009932999999999999, 0.007271, 0.0043690000000000005, 0.004557, 0.005548999999999999, 0.0008719999999999999, 0.030213, 0.001421, 0.0020080000000000002, 0.005534]",Motor octane number,
78.1462,7.109,test,"[344, 55, 260]","[0.409517, 0.175231, 0.41525199999999995]",Motor octane number,
72.6,7.2249,train,"[10, 81, 1]","[0.65, 0.1, 0.25]",Motor octane number,
80.0337,7.9922,train,"[344, 2, 1]","[0.625019, 0.091036, 0.283945]",Motor octane number,
83.8,17.6016,test,"[2, 1]","[0.6, 0.4]",Motor octane number,
87.011,8.431,train,"[344, 1, 55]","[0.505497, 0.22964600000000002, 0.264857]",Motor octane number,
90.5,6.4623,train,"[255, 114, 8, 276, 305, 86, 111, 57, 82, 107, 10, 245, 127, 28, 121, 256, 195, 40, 96, 69, 109, 47, 16, 54, 2, 66, 262, 285, 405, 406, 407, 306, 409]","[0.020931, 0.085296, 0.07561899999999999, 0.050845, 0.014053, 0.004262, 0.002448, 0.033955, 0.001998, 0.001678, 0.20474399999999998, 0.00469, 0.015296, 0.020626000000000002, 0.058545999999999994, 0.041534, 0.016173, 0.001281, 0.004613, 0.0021349999999999997, 0.0028439999999999997, 0.00337, 0.009554, 0.0017460000000000002, 0.25, 0.052957000000000004, 0.0013039999999999998, 0.001487, 0.0016619999999999998, 0.001929, 0.010508, 0.001007, 0.000907]",Motor octane number,
88.4025,8.8906,train,"[114, 8, 344, 108]","[0.230581, 0.11035500000000001, 0.19937000000000002, 0.459694]",Motor octane number,
87.2,8.4103,train,"[10, 245, 121, 195, 15, 84, 2, 99, 1, 309]","[0.43369199999999997, 0.001899, 0.006515999999999999, 0.0028810000000000003, 0.202321, 0.038981, 0.09, 0.002272, 0.121438, 0.1]",Motor octane number,
82.5,9.6117,train,"[255, 114, 8, 276, 305, 86, 111, 57, 0, 81, 60, 376, 377, 102, 106, 275, 304, 302, 298, 379, 13, 173, 382, 74, 48]","[0.018244, 0.06387, 0.061412, 0.091321, 0.019057, 0.05049000000000001, 0.032938999999999996, 0.031952, 0.009312, 0.007754, 0.042407, 0.009278, 0.003808, 0.002302, 0.004656, 0.004033, 0.017863, 0.001939, 0.006058, 0.003271, 0.004587, 0.004396, 0.0017829999999999999, 0.0072699999999999996, 0.5]",Motor octane number,
75.6561,7.4799,train,"[344, 1, 108]","[0.624729, 0.283813, 0.091458]",Motor octane number,
70.9,8.013,train,"[10, 15, 1]","[0.33299999999999996, 0.33299999999999996, 0.33299999999999996]",Motor octane number,
95.5,11.061,train,"[16, 2]","[0.75, 0.25]",Motor octane number,
90.9,7.9371,train,"[10, 15, 2, 1]","[0.2082, 0.27, 0.4, 0.12179999999999999]",Motor octane number,
89.2394,9.2562,train,"[19, 2, 1]","[0.11353099999999999, 0.743349, 0.143119]",Motor octane number,
75.5394,10.3046,train,"[114, 8, 344, 55]","[0.356417, 0.170579, 0.308172, 0.164832]",Motor octane number,
68.5,6.0073,train,"[84, 2]","[0.9, 0.1]",Motor octane number,
84.4236,8.2339,train,"[344, 2, 1]","[0.561161, 0.18390399999999998, 0.254935]",Motor octane number,
89.5537,9.5087,train,"[19, 1, 108]","[0.113103, 0.14257899999999998, 0.7443179999999999]",Motor octane number,
86.9,11.0522,train,"[10, 15, 1]","[0.56, 0.3, 0.14]",Motor octane number,
88.0,8.7934,train,"[10, 15, 1]","[0.725, 0.15, 0.125]",Motor octane number,
85.7535,12.4891,train,"[19, 1, 55]","[0.232771, 0.293434, 0.473795]",Motor octane number,
88.89,9.8329,train,"[15, 1, 108]","[0.135983, 0.114812, 0.749205]",Motor octane number,
90.3112,11.4801,train,"[114, 8, 344, 55]","[0.238486, 0.114138, 0.206205, 0.441171]",Motor octane number,
85.567,8.9104,train,"[344, 2, 260]","[0.25979199999999997, 0.476778, 0.26343]",Motor octane number,
90.0,11.9341,train,"[10, 16, 1]","[0.61, 0.3, 0.09]",Motor octane number,
88.5,8.8667,train,"[10, 84, 1]","[0.77, 0.2, 0.03]",Motor octane number,
82.3444,10.0102,train,"[114, 8, 344, 55]","[0.318873, 0.152611, 0.27571100000000004, 0.252805]",Motor octane number,
75.3466,8.3933,train,"[19, 2, 1]","[0.356348, 0.194433, 0.44921799999999995]",Motor octane number,
75.0028,7.5257,test,"[110, 1, 55]","[0.7077, 0.201793, 0.090507]",Motor octane number,
76.7,8.2146,train,"[10, 2, 1]","[0.6, 0.1, 0.3]",Motor octane number,
86.8,11.3043,train,"[10, 15, 84, 1]","[0.65, 0.15, 0.1, 0.1]",Motor octane number,
88.7,12.1085,train,"[10, 15, 1]","[0.48, 0.4, 0.11900000000000001]",Motor octane number,
82.1204,7.9455,train,"[110, 2, 1]","[0.551249, 0.291569, 0.157183]",Motor octane number,
92.6,11.8089,train,"[10, 2]","[0.2, 0.8]",Motor octane number,
79.3475,9.3221,train,"[110, 2, 1]","[0.627479, 0.193602, 0.178919]",Motor octane number,
78.8,8.7837,train,"[255, 114, 8, 276, 305, 86, 111, 57, 0, 81, 60, 376, 377, 102, 106, 275, 304, 302, 298, 379, 13, 173, 382, 309, 74]","[0.018244, 0.06387, 0.061412, 0.091321, 0.019057, 0.05049000000000001, 0.032938999999999996, 0.031952, 0.009312, 0.007754, 0.042407, 0.009278, 0.003808, 0.002302, 0.004656, 0.004033, 0.017863, 0.001939, 0.006058, 0.003271, 0.004587, 0.004396, 0.0017829999999999999, 0.5, 0.0072699999999999996]",Motor octane number,
87.8684,8.0993,train,"[15, 2, 1]","[0.27236699999999997, 0.49767000000000006, 0.22996300000000003]",Motor octane number,
88.5,8.6486,train,"[10, 15, 2, 1]","[0.18899999999999997, 0.040999999999999995, 0.6, 0.17]",Motor octane number,
93.2,9.5709,train,"[10, 15, 2, 1]","[0.5808, 0.12, 0.2, 0.0992]",Motor octane number,
66.0,6.6081,train,"[10, 15, 81, 1]","[0.07, 0.3, 0.2, 0.43]",Motor octane number,
84.68,9.0151,train,"[110, 1, 108]","[0.39594799999999997, 0.11289999999999999, 0.49115200000000003]",Motor octane number,
92.8008,10.7052,train,"[114, 8, 344, 55]","[0.126696, 0.060636, 0.109547, 0.70312]",Motor octane number,
58.1,10.4861,train,"[15, 1]","[0.5, 0.5]",Motor octane number,
86.4538,8.3776,train,"[15, 1, 108]","[0.271678, 0.22938099999999997, 0.498941]",Motor octane number,
77.1,8.7684,train,"[255, 114, 8, 276, 305, 86, 111, 57, 0, 81, 60, 376, 377, 102, 106, 275, 304, 302, 298, 379, 13, 173, 382, 309, 74]","[0.014595, 0.051096, 0.049129, 0.073057, 0.015246, 0.040392000000000004, 0.026351, 0.025562, 0.00745, 0.006202999999999999, 0.033925000000000004, 0.007422, 0.0030459999999999997, 0.001842, 0.003725, 0.003226, 0.01429, 0.0015509999999999999, 0.004846, 0.002617, 0.003669, 0.003517, 0.001426, 0.6, 0.005816]",Motor octane number,
89.8,9.9714,train,"[10, 2, 1]","[0.12, 0.7, 0.18]",Motor octane number,
88.3,8.8499,test,"[255, 276, 9, 305, 86, 111, 57, 82, 107, 10, 245, 127, 28, 121, 0, 15, 81, 117, 84, 2, 1, 66, 152, 283, 137, 281, 374, 129, 173, 385, 142, 408]","[0.003916, 0.020272000000000002, 0.001769, 0.011285, 0.035016, 0.012783, 0.013601, 0.062291, 0.08255699999999999, 0.078358, 0.0018110000000000001, 0.006364, 0.008193, 0.020723, 0.003501, 0.018389, 0.001119, 0.002521, 0.036213, 0.4, 0.084013, 0.037922, 0.007947, 0.005817, 0.003495, 0.003645, 0.004439, 0.000698, 0.024169999999999997, 0.001137, 0.001606, 0.0044269999999999995]",Motor octane number,
85.5,9.1106,train,"[10, 15, 81, 1]","[0.43, 0.3, 0.1, 0.17]",Motor octane number,
80.7,10.081,train,"[15, 1]","[0.7340000000000001, 0.266]",Motor octane number,
90.2,9.7723,train,"[10, 84, 1]","[0.847, 0.102, 0.051]",Motor octane number,
70.4,7.3971,train,"[10, 1]","[0.7, 0.3]",Motor octane number,
91.0,9.9732,train,"[10, 1]","[0.91, 0.09]",Motor octane number,
93.6,9.1044,train,"[10, 15, 2, 1]","[0.43560000000000004, 0.09, 0.4, 0.07440000000000001]",Motor octane number,
90.9,12.3914,train,"[10, 15, 1]","[0.4, 0.5, 0.099]",Motor octane number,
74.2,8.1664,train,"[10, 15, 2, 1]","[0.575, 0.075, 0.05, 0.3]",Motor octane number,
83.0,6.8702,train,"[255, 114, 8, 276, 305, 86, 111, 57, 82, 107, 10, 245, 127, 28, 121, 256, 195, 40, 96, 69, 109, 47, 16, 54, 66, 262, 285, 405, 406, 407, 306, 409]","[0.027908, 0.113727, 0.100826, 0.067793, 0.018737999999999998, 0.0056830000000000006, 0.0032640000000000004, 0.045273, 0.002664, 0.0022370000000000003, 0.272993, 0.006253, 0.020395, 0.027502, 0.07806199999999999, 0.055379, 0.021564, 0.001708, 0.006151, 0.002847, 0.003792, 0.004494000000000001, 0.012739, 0.002328, 0.070609, 0.001739, 0.001983, 0.002216, 0.0025719999999999996, 0.01401, 0.001342, 0.00121]",Motor octane number,
66.1,6.7465,train,"[10, 15, 1]","[0.575, 0.075, 0.35]",Motor octane number,
68.7,7.2758,train,"[10, 2, 1]","[0.6, 0.05, 0.35]",Motor octane number,
82.5,9.5453,train,"[255, 114, 8, 87, 333, 334, 335, 276, 9, 305, 86, 111, 57, 82, 107, 10, 127, 28, 195, 130, 29, 104, 336, 341, 342, 345, 0, 15, 17, 79, 19, 43, 96, 69, 109, 47, 16, 54, 312, 246, 328, 348, 350, 351, 352, 353, 354, 81, 60, 110, 117, 233, 277, 84, 99, 326, 268, 360, 361, 381, 232, 1, 66, 152, 137, 281, 374, 129, 310, 376, 377, 102, 106, 275, 304, 125, 302, 298, 379, 12, 13, 243, 173, 201, 382, 172, 383, 270, 331, 138, 188, 200, 384, 385, 386, 387, 388, 307, 389, 390, 234, 157, 391, 392, 393, 394, 181, 395, 396, 53, 23, 397, 155, 398, 399, 400, 401, 402, 403, 404]","[0.065122, 0.019082, 0.018376999999999998, 0.0040089999999999995, 0.001386, 0.003039, 0.002463, 0.08475899999999999, 0.0032740000000000004, 0.010927, 0.047916999999999994, 0.031338, 0.006377000000000001, 0.025126, 0.025177, 0.003006, 0.003452, 0.005266, 0.004503, 0.013312, 0.005019, 0.01295, 0.001754, 0.004857, 0.007012000000000001, 0.001605, 0.00869, 0.048885, 0.001714, 0.042266000000000005, 0.018338, 0.021053000000000002, 0.020268, 0.008406, 0.010864, 0.003166, 0.033269, 0.00688, 0.005775, 0.006478, 0.007518, 0.007569, 0.004133, 0.006108, 0.004694, 0.006439, 0.001771, 0.002159, 0.022362000000000003, 0.004902, 0.014613000000000001, 0.002513, 0.016756, 0.001784, 0.002238, 0.004419, 0.001935, 0.0076690000000000005, 0.006287, 0.0075580000000000005, 0.0033410000000000002, 0.012757000000000001, 0.008783, 0.0029, 0.006421, 0.007434, 0.004935, 0.004596, 0.00125, 0.0054459999999999995, 0.0030470000000000002, 0.002445, 0.00475, 0.003405, 0.009876000000000001, 0.001429, 0.003481, 0.007033, 0.003781, 0.0012339999999999999, 0.00388, 0.001569, 0.013073, 0.0033090000000000003, 0.0026479999999999997, 0.005988, 0.001262, 0.002762, 0.0035610000000000004, 0.00147, 0.001349, 0.002782, 0.0014060000000000001, 0.0036349999999999998, 0.001933, 0.0018629999999999999, 0.0066500000000000005, 0.002305, 0.0025900000000000003, 0.001962, 0.001369, 0.001439, 0.0043, 0.001321, 0.00134, 0.00731, 0.001263, 0.001358, 0.001357, 0.005028, 0.0030930000000000003, 0.001725, 0.0025369999999999998, 0.002301, 0.0021360000000000003, 0.002042, 0.002314, 0.001241, 0.0016220000000000002, 0.001896]",Motor octane number,
80.6,8.5348,train,"[255, 114, 8, 276, 305, 86, 111, 57, 0, 81, 60, 376, 377, 102, 106, 275, 304, 302, 298, 379, 13, 173, 382, 309, 74]","[0.032838, 0.114965, 0.110541, 0.164378, 0.034303, 0.090882, 0.05929, 0.057514, 0.016762, 0.013958, 0.07633200000000001, 0.0167, 0.006854, 0.004144, 0.008381, 0.007259, 0.032153, 0.003489, 0.010905, 0.005888, 0.008256, 0.007914, 0.003209, 0.1, 0.013085]",Motor octane number,
86.6,8.8113,train,"[81, 2]","[0.6, 0.4]",Motor octane number,
85.3,8.0918,train,"[10, 15, 81, 1]","[0.32, 0.3, 0.2, 0.18]",Motor octane number,
79.6,8.6132,train,"[10, 15, 1]","[0.36, 0.4, 0.24]",Motor octane number,
68.7344,8.256,train,"[114, 8, 344, 55]","[0.39234499999999994, 0.187774, 0.339238, 0.080644]",Motor octane number,
70.0,6.6822,train,"[10, 15, 1]","[0.48, 0.2, 0.32]",Motor octane number,
85.4979,8.6884,train,"[114, 8, 344, 2]","[0.313154, 0.149873, 0.270766, 0.26620699999999997]",Motor octane number,
70.9,8.0318,train,"[10, 15, 1]","[0.33399999999999996, 0.33299999999999996, 0.33299999999999996]",Motor octane number,
88.9,7.2168,train,"[255, 114, 8, 87, 333, 276, 9, 86, 111, 57, 82, 107, 10, 245, 127, 28, 121, 130, 29, 336, 0, 15, 17, 79, 19, 43, 96, 109, 47, 16, 54, 246, 348, 349, 350, 81, 60, 110, 117, 214, 84, 2, 326, 1, 362, 66, 152, 283, 363, 364, 365, 294, 301, 366, 367, 368, 369, 370, 371, 372, 373, 137, 281, 374, 129, 375, 310, 376, 377, 102, 378, 106, 275, 304, 125, 302, 298, 379, 12, 380, 13]","[0.016, 0.0030340000000000002, 0.002003, 0.002233, 0.001066, 0.002039, 0.014823999999999999, 0.008402, 0.00494, 0.006868, 0.0065980000000000006, 0.006855, 0.039129, 0.001026, 0.00241, 0.003392, 0.012635, 0.002052, 0.0006900000000000001, 0.002176, 0.001787, 0.015925, 0.00245, 0.006125, 0.0023699999999999997, 0.0075309999999999995, 0.00903, 0.011631, 0.008991, 0.039411999999999996, 0.007421, 0.0023480000000000003, 0.002742, 0.001367, 0.001729, 0.033477, 0.0035510000000000003, 0.001194, 0.002419, 0.0013089999999999998, 0.001433, 0.6010880000000001, 0.001119, 0.005338000000000001, 0.0008, 0.013307, 0.000787, 0.0027900000000000004, 0.025265, 0.0007779999999999999, 0.000774, 0.0013750000000000001, 0.0007520000000000001, 0.00107, 0.000862, 0.0016189999999999998, 0.0011849999999999999, 0.001592, 0.001716, 0.002326, 0.000513, 0.001437, 0.00126, 0.001057, 0.000721, 0.0008759999999999999, 0.00134, 0.003489, 0.001946, 0.00061, 0.001247, 0.001411, 0.002817, 0.005425999999999999, 0.002914, 0.000867, 0.0009239999999999999, 0.001512, 0.000624, 0.000624, 0.001229]",Motor octane number,
86.6,8.6221,train,"[10, 15, 2, 1]","[0.20199999999999999, 0.11900000000000001, 0.4, 0.27899999999999997]",Motor octane number,
60.0,5.7162,train,"[10, 1]","[0.6, 0.4]",Motor octane number,
65.0,7.2862,train,"[10, 15, 2, 1]","[0.303, 0.17800000000000002, 0.1, 0.419]",Motor octane number,
91.1802,10.5726,train,"[110, 1, 108]","[0.199741, 0.056954000000000005, 0.743305]",Motor octane number,
87.2,9.7041,train,"[81, 2]","[0.4, 0.6]",Motor octane number,
84.9,8.1299,train,"[10, 245, 121, 195, 15, 84, 99, 1, 309]","[0.42833799999999994, 0.001875, 0.006435, 0.002845, 0.19982399999999997, 0.0385, 0.002244, 0.119939, 0.2]",Motor octane number,
37.0,9.2521,train,"[10, 15, 1]","[0.16699999999999998, 0.16699999999999998, 0.667]",Motor octane number,
81.9,8.3756,train,"[255, 114, 8, 276, 305, 86, 111, 57, 0, 81, 60, 2, 376, 377, 102, 106, 275, 304, 302, 298, 379, 13, 173, 382, 309, 74]","[0.026271, 0.091972, 0.088433, 0.131503, 0.027442, 0.072705, 0.047432, 0.046010999999999996, 0.013408999999999999, 0.011166, 0.061066, 0.08, 0.01336, 0.005483, 0.0033150000000000002, 0.006705, 0.005807, 0.025722000000000002, 0.002792, 0.008723999999999999, 0.004711, 0.006605, 0.006331, 0.002567, 0.2, 0.010468]",Motor octane number,
84.5,7.6079,train,"[10, 245, 121, 195, 15, 84, 2, 99, 1, 309]","[0.337316, 0.001477, 0.0050680000000000005, 0.0022400000000000002, 0.157361, 0.030319, 0.07, 0.001767, 0.094452, 0.3]",Motor octane number,
85.6,8.1933,train,"[10, 245, 121, 195, 15, 84, 2, 99, 1, 309]","[0.385504, 0.001688, 0.005792, 0.002561, 0.17984100000000003, 0.03465, 0.08, 0.00202, 0.107945, 0.2]",Motor octane number,
88.0,5.8525,train,"[255, 276, 305, 86, 111, 57, 300, 82, 107, 10, 245, 127, 28, 121, 256, 195, 117, 2, 1, 66, 152, 137, 281, 374, 173, 262, 285, 405, 406, 142, 407]","[0.041924, 0.10831099999999999, 0.015521, 0.017535000000000002, 0.006662, 0.028315, 0.003505, 0.045466, 0.060080999999999996, 0.257264, 0.003679, 0.013900999999999998, 0.019136, 0.060978000000000004, 0.041567, 0.016235, 0.001812, 0.1, 0.060255, 0.06808900000000001, 0.005756, 0.002462, 0.002636, 0.0031669999999999997, 0.002837, 0.001126, 0.001226, 0.001199, 0.0014000000000000002, 0.001162, 0.006791]",Motor octane number,
94.5,9.787,train,"[10, 2, 1]","[0.546, 0.4, 0.054000000000000006]",Motor octane number,
88.5083,10.4699,train,"[110, 2, 1]","[0.200497, 0.742334, 0.057169]",Motor octane number,
63.7,6.6237,train,"[10, 15, 1]","[0.3, 0.3, 0.4]",Motor octane number,
69.4,7.6122,train,"[10, 15, 2, 1]","[0.525, 0.075, 0.05, 0.35]",Motor octane number,
79.3811,10.4099,train,"[15, 1, 108]","[0.38002699999999995, 0.320862, 0.299111]",Motor octane number,
93.4,10.3153,train,"[10, 2, 1]","[0.364, 0.6, 0.036000000000000004]",Motor octane number,
97.0233,11.2932,train,"[344, 1, 55]","[0.19523700000000002, 0.088696, 0.716067]",Motor octane number,
88.5,6.6134,train,"[255, 114, 8, 87, 333, 276, 9, 86, 111, 57, 82, 107, 10, 245, 127, 28, 121, 130, 29, 336, 0, 15, 17, 79, 19, 43, 96, 109, 47, 16, 54, 246, 348, 349, 350, 81, 60, 110, 117, 214, 84, 2, 326, 1, 362, 66, 152, 283, 363, 364, 365, 294, 301, 366, 367, 368, 369, 370, 371, 372, 373, 137, 281, 374, 129, 375, 310, 376, 377, 102, 378, 106, 275, 304, 125, 302, 298, 379, 12, 380, 13]","[0.024, 0.004551, 0.003005, 0.00335, 0.001599, 0.003058, 0.022235, 0.012603999999999999, 0.00741, 0.010302, 0.009897, 0.010282, 0.058693, 0.001539, 0.0036149999999999997, 0.0050880000000000005, 0.018952, 0.003078, 0.001035, 0.0032640000000000004, 0.00268, 0.023887000000000002, 0.003675, 0.009186999999999999, 0.003556, 0.011297, 0.013546, 0.017446, 0.013486, 0.059118000000000004, 0.011131, 0.003522, 0.004113, 0.0020499999999999997, 0.0025940000000000004, 0.050216000000000004, 0.005326999999999999, 0.001791, 0.003629, 0.001964, 0.002149, 0.40163200000000004, 0.001678, 0.008007, 0.001201, 0.01996, 0.001181, 0.0041860000000000005, 0.037897, 0.001167, 0.001161, 0.002063, 0.0011279999999999999, 0.001605, 0.0012939999999999998, 0.002428, 0.001778, 0.002388, 0.0025740000000000003, 0.003489, 0.0007689999999999999, 0.002156, 0.0018909999999999999, 0.001585, 0.001081, 0.001313, 0.00201, 0.005234, 0.0029189999999999997, 0.000915, 0.0018709999999999998, 0.0021160000000000003, 0.004226, 0.008139, 0.004371, 0.0013, 0.001386, 0.0022689999999999997, 0.000935, 0.000935, 0.0018440000000000002]",Motor octane number,
88.8136,8.4878,train,"[344, 2, 1]","[0.496006, 0.278659, 0.225335]",Motor octane number,
74.217,7.3341,train,"[110, 1, 108]","[0.702757, 0.200384, 0.096859]",Motor octane number,
69.4415,7.5603,train,"[19, 2, 1]","[0.399502, 0.09688000000000001, 0.503618]",Motor octane number,
90.2,9.8969,train,"[10, 2, 1]","[0.08, 0.8, 0.12]",Motor octane number,
90.5,11.7831,train,"[10, 15, 1]","[0.6509999999999999, 0.249, 0.1]",Motor octane number,
59.4,8.1678,train,"[10, 15, 2, 1]","[0.05, 0.36200000000000004, 0.1, 0.488]",Motor octane number,
82.9,6.7177,train,"[255, 276, 305, 86, 111, 57, 300, 82, 107, 10, 245, 127, 28, 121, 256, 195, 117, 1, 66, 152, 137, 281, 374, 173, 262, 285, 405, 406, 142, 407]","[0.046582, 0.120345, 0.017245999999999997, 0.019483, 0.007403, 0.031462, 0.003895, 0.050518, 0.066757, 0.285849, 0.004088, 0.015446, 0.021263, 0.067753, 0.046186, 0.018039, 0.002013, 0.06695000000000001, 0.075654, 0.006396, 0.002735, 0.0029289999999999997, 0.003518, 0.003152, 0.001251, 0.001363, 0.001332, 0.0015559999999999999, 0.0012909999999999998, 0.007545]",Motor octane number,
84.0,9.5843,train,"[10, 15, 1]","[0.667, 0.16699999999999998, 0.16699999999999998]",Motor octane number,
88.4,8.703,train,"[10, 15, 1]","[0.726, 0.15, 0.124]",Motor octane number,
100.8,13.334,train,"[10, 15]","[0.26, 0.74]",Motor octane number,
81.7627,8.2168,train,"[344, 1, 55]","[0.568202, 0.258133, 0.17366499999999999]",Motor octane number,
88.4,9.2019,train,"[10, 15, 2, 1]","[0.022000000000000002, 0.161, 0.6, 0.217]",Motor octane number,
85.2,10.2655,train,"[10, 15, 84, 1]","[0.58, 0.15, 0.2, 0.07]",Motor octane number,
92.0,9.415,train,"[10, 15, 2, 1]","[0.21280000000000002, 0.1192, 0.6, 0.068]",Motor octane number,
92.6,10.3533,train,"[10, 15, 1]","[0.15, 0.74, 0.11]",Motor octane number,
90.1,8.3087,train,"[10, 15, 16, 1]","[0.75, 0.08, 0.07, 0.1]",Motor octane number,
86.5886,11.324,test,"[344, 55, 260]","[0.268414, 0.45941299999999996, 0.272173]",Motor octane number,
91.4,10.0745,train,"[10, 15, 2, 1]","[0.10640000000000001, 0.0596, 0.8, 0.034]",Motor octane number,
95.1348,10.0878,train,"[344, 2, 1]","[0.18563400000000002, 0.7300329999999999, 0.08433299999999999]",Motor octane number,
95.1348,10.0809,train,"[344, 1, 108]","[0.18494599999999997, 0.08402100000000001, 0.731033]",Motor octane number,
57.7,10.3434,train,"[15, 1]","[0.501, 0.499]",Motor octane number,
82.4,8.89,train,"[255, 114, 8, 276, 305, 86, 111, 57, 0, 81, 60, 2, 376, 377, 102, 106, 275, 304, 302, 298, 379, 13, 173, 382, 309, 74]","[0.029554, 0.10346899999999999, 0.099487, 0.147941, 0.030872, 0.08179399999999999, 0.053361, 0.051761999999999996, 0.015085999999999999, 0.012562, 0.06869900000000001, 0.09, 0.015029999999999998, 0.006169, 0.003729, 0.007542999999999999, 0.006533, 0.028938000000000002, 0.0031409999999999997, 0.009814, 0.0053, 0.007431, 0.007122000000000001, 0.002888, 0.1, 0.011777]",Motor octane number,
99.3,15.6959,train,"[10, 15]","[0.5, 0.5]",Motor octane number,
78.2,10.9558,train,"[15, 1]","[0.7, 0.3]",Motor octane number,
88.3,8.1391,train,"[10, 245, 121, 195, 15, 84, 2, 99, 1]","[0.48188000000000003, 0.00211, 0.00724, 0.003201, 0.224802, 0.043311999999999996, 0.1, 0.002524, 0.134931]",Motor octane number,
30.0,7.8691,train,"[10, 1]","[0.3, 0.7]",Motor octane number,
85.5,8.047,train,"[10, 245, 121, 195, 15, 84, 99, 1, 309]","[0.48188000000000003, 0.00211, 0.00724, 0.003201, 0.224802, 0.043311999999999996, 0.002524, 0.134931, 0.1]",Motor octane number,
83.3,8.1741,train,"[255, 114, 8, 87, 333, 334, 335, 276, 9, 305, 86, 111, 57, 82, 107, 10, 127, 28, 195, 130, 29, 104, 336, 341, 342, 345, 0, 15, 17, 79, 19, 43, 96, 69, 109, 47, 16, 54, 312, 246, 328, 348, 350, 351, 352, 353, 354, 81, 60, 110, 117, 233, 277, 84, 99, 326, 268, 360, 361, 381, 232, 1, 66, 152, 137, 281, 374, 129, 310, 376, 377, 102, 106, 275, 304, 125, 302, 298, 379, 12, 13, 243, 173, 201, 382, 172, 383, 270, 331, 138, 188, 200, 384, 385, 386, 387, 388, 307, 389, 390, 234, 157, 391, 392, 393, 394, 181, 395, 396, 53, 23, 397, 155, 398, 399, 400, 401, 402, 403, 404, 309]","[0.04558500000000001, 0.013358000000000002, 0.012864, 0.0028060000000000003, 0.00097, 0.002127, 0.001724, 0.059330999999999995, 0.0022919999999999998, 0.007649, 0.033542, 0.021937, 0.004464, 0.017588, 0.017624, 0.002104, 0.002416, 0.003686, 0.003152, 0.009318, 0.003513, 0.009065, 0.0012280000000000001, 0.0034000000000000002, 0.004908, 0.001124, 0.006083, 0.034219, 0.0012, 0.029586, 0.012836, 0.014737, 0.014187, 0.005884, 0.007605, 0.002216, 0.023288000000000003, 0.004816, 0.004043, 0.004535, 0.005262, 0.005298000000000001, 0.002893, 0.004275999999999999, 0.003286, 0.004507, 0.00124, 0.0015110000000000002, 0.015653, 0.003431, 0.010228999999999999, 0.001759, 0.011729, 0.001249, 0.001566, 0.003094, 0.001354, 0.005368, 0.0044009999999999995, 0.0052910000000000006, 0.0023380000000000002, 0.00893, 0.006148, 0.00203, 0.004495, 0.005203999999999999, 0.0034549999999999997, 0.003217, 0.0008749999999999999, 0.003812, 0.002133, 0.001712, 0.0033250000000000003, 0.002383, 0.006913, 0.001, 0.002437, 0.004923, 0.002647, 0.0008640000000000001, 0.002716, 0.001099, 0.009151, 0.002317, 0.0018540000000000002, 0.004190999999999999, 0.000883, 0.001933, 0.002493, 0.001029, 0.000944, 0.0019470000000000002, 0.000984, 0.002545, 0.001353, 0.0013039999999999998, 0.004655, 0.001613, 0.001813, 0.001373, 0.000958, 0.001008, 0.00301, 0.000925, 0.0009379999999999999, 0.005117, 0.000884, 0.000951, 0.00095, 0.0035199999999999997, 0.002165, 0.001207, 0.001776, 0.001611, 0.001495, 0.001429, 0.0016200000000000001, 0.0008690000000000001, 0.001135, 0.001327, 0.3]",Motor octane number,
80.561,7.7461,train,"[344, 1, 108]","[0.560636, 0.254696, 0.184668]",Motor octane number,
79.0892,7.3751,train,"[344, 2, 260]","[0.404398, 0.18554099999999998, 0.410061]",Motor octane number,
81.9,7.8257,train,"[255, 114, 8, 276, 305, 86, 111, 57, 0, 81, 60, 376, 377, 102, 106, 275, 304, 302, 298, 379, 13, 173, 382, 74, 48]","[0.0072970000000000005, 0.025548, 0.024565, 0.036529, 0.007623, 0.020196000000000002, 0.013175, 0.012781, 0.003725, 0.0031019999999999997, 0.016963, 0.003711, 0.0015229999999999998, 0.000921, 0.001862, 0.001613, 0.007145, 0.000775, 0.002423, 0.0013089999999999998, 0.001835, 0.001759, 0.000713, 0.002908, 0.8]",Motor octane number,
74.913,5.8006,train,"[344, 2, 260]","[0.45087299999999997, 0.09194000000000001, 0.45718800000000004]",Motor octane number,
72.4768,5.1173,train,"[344, 260, 108]","[0.450662, 0.45697299999999996, 0.09236499999999999]",Motor octane number,
81.7,9.2102,train,"[255, 114, 8, 276, 305, 86, 111, 57, 0, 81, 60, 376, 377, 102, 106, 275, 304, 302, 298, 379, 13, 173, 382, 74, 48]","[0.02919, 0.10219099999999999, 0.09825900000000001, 0.146114, 0.030491, 0.08078400000000001, 0.052702, 0.051123, 0.014899, 0.012407, 0.067851, 0.014844, 0.0060929999999999995, 0.003683, 0.00745, 0.0064529999999999995, 0.02858, 0.0031019999999999997, 0.009693, 0.005234, 0.007339, 0.007034, 0.002852, 0.011632, 0.2]",Motor octane number,
84.2,9.6493,train,"[10, 15, 1]","[0.693, 0.141, 0.166]",Motor octane number,
88.3,11.1083,train,"[10, 15, 1]","[0.428, 0.435, 0.13699999999999998]",Motor octane number,
69.0,8.1223,train,"[10, 15, 2, 1]","[0.35, 0.15, 0.1, 0.4]",Motor octane number,
80.3311,10.2961,train,"[19, 1, 108]","[0.224505, 0.283014, 0.492481]",Motor octane number,
69.0,17.4063,train,"[255, 276, 9, 305, 86, 111, 57, 82, 107, 10, 245, 127, 28, 121, 0, 15, 81, 117, 84, 1, 66, 152, 283, 137, 281, 374, 129, 173, 385, 142, 408]","[0.006527, 0.033787, 0.002948, 0.018809, 0.058361, 0.021305, 0.022668, 0.10381800000000001, 0.137595, 0.130597, 0.0030180000000000003, 0.010607, 0.013654999999999999, 0.034539, 0.005835, 0.030649000000000003, 0.001865, 0.004201, 0.06035599999999999, 0.140021, 0.063203, 0.013244, 0.009695, 0.005825, 0.006076000000000001, 0.007399, 0.001163, 0.04028400000000001, 0.001895, 0.002677, 0.007379]",Motor octane number,
86.3,10.5204,train,"[81, 2]","[0.75, 0.25]",Motor octane number,
72.7126,5.2385,train,"[344, 260, 288]","[0.45194, 0.45826999999999996, 0.08979]",Motor octane number,
75.4743,7.1003,train,"[344, 260, 288]","[0.40633400000000003, 0.41202500000000003, 0.18164100000000002]",Motor octane number,
78.3146,7.6348,train,"[344, 260, 288]","[0.359669, 0.364707, 0.275624]",Motor octane number,
83.6023,8.3287,train,"[344, 260, 288]","[0.263012, 0.266696, 0.470291]",Motor octane number,
90.3102,7.7446,train,"[344, 260, 288]","[0.13553300000000001, 0.137431, 0.7270359999999999]",Motor octane number,
87.8,6.0165,train,"[255, 114, 8, 87, 333, 334, 335, 276, 9, 305, 86, 111, 57, 82, 107, 10, 245, 127, 28, 121, 195, 336, 337, 340, 343, 344, 346, 347, 0, 15, 17, 79, 19, 43, 40, 96, 69, 109, 47, 16, 54, 312, 246, 328, 348, 349, 350, 351, 352, 353, 354, 81, 214, 84, 33, 326, 268, 360, 361, 53]","[0.044397, 0.02191, 0.010147999999999999, 0.002596, 0.0031730000000000005, 0.0029909999999999997, 0.002339, 0.086326, 0.034954, 0.010714999999999999, 0.008557, 0.006559000000000001, 0.008995, 0.008162, 0.002169, 0.133554, 0.005651000000000001, 0.010308999999999999, 0.00876, 0.029537, 0.007659, 0.011814999999999999, 0.0017310000000000001, 0.001143, 0.001549, 0.001474, 0.002735, 0.002222, 0.006515999999999999, 0.180365, 0.01941, 0.051106, 0.02207, 0.018128, 0.004679, 0.017957, 0.008310999999999999, 0.009903, 0.005737, 0.028746999999999998, 0.005064, 0.003835, 0.002147, 0.001325, 0.0031509999999999997, 0.0017410000000000001, 0.0026490000000000003, 0.00344, 0.0021579999999999998, 0.001325, 0.001645, 0.073721, 0.00125, 0.042602, 0.002019, 0.0012180000000000001, 0.001367, 0.001132, 0.001378, 0.001773]",Motor octane number,
80.0,6.8539,train,"[10, 1]","[0.8, 0.2]",Motor octane number,
89.1,8.0299,train,"[10, 15, 2, 1]","[0.2776, 0.36, 0.2, 0.1624]",Motor octane number,
61.0,5.6422,train,"[10, 15, 1]","[0.28, 0.3, 0.42]",Motor octane number,
77.794,12.4329,train,"[19, 1, 55]","[0.319187, 0.402372, 0.27844]",Motor octane number,
64.0,8.5192,train,"[10, 2, 1]","[0.32, 0.2, 0.48]",Motor octane number,
84.3,10.0462,train,"[10, 15, 2, 1]","[0.034, 0.24100000000000002, 0.4, 0.325]",Motor octane number,
88.4,11.1767,train,"[10, 15, 16, 1]","[0.575, 0.15, 0.15, 0.125]",Motor octane number,
91.4,9.1995,train,"[10, 81, 1]","[0.81, 0.1, 0.09]",Motor octane number,
75.8,8.1233,train,"[10, 15, 2, 1]","[0.27, 0.158, 0.2, 0.37200000000000005]",Motor octane number,
86.2,10.4164,train,"[15, 1]","[0.792, 0.20800000000000002]",Motor octane number,
88.9,9.8775,test,"[2, 1]","[0.8, 0.2]",Motor octane number,
64.0,7.4206,train,"[10, 15, 2, 1]","[0.475, 0.075, 0.05, 0.4]",Motor octane number,
71.8,7.2017,train,"[10, 15, 16, 1]","[0.54, 0.08, 0.07, 0.31]",Motor octane number,
66.9,9.4949,train,"[15, 1]","[0.581, 0.419]",Motor octane number,
88.2,8.2001,train,"[255, 87, 57, 82, 107, 10, 256, 104, 0, 17, 79, 19, 43, 40, 96, 69, 109, 47, 16, 54, 2, 1, 66, 152, 294, 366, 173, 23]","[0.036644, 0.040888999999999995, 0.001001, 0.04962, 0.063316, 0.000601, 0.007809, 0.000681, 0.0032840000000000005, 0.007729000000000001, 0.023788999999999998, 0.009972, 0.014417, 0.0033239999999999997, 0.011814, 0.005447, 0.007089, 0.004686, 0.023909, 0.004525, 0.6, 0.053464, 0.016659999999999998, 0.006328, 0.000961, 0.0006410000000000001, 0.000841, 0.000561]",Motor octane number,
83.4,4.8244,test,"[255, 114, 8, 87, 333, 276, 9, 86, 111, 57, 82, 107, 245, 127, 28, 336, 0, 15, 17, 79, 19, 43, 47, 16, 54, 246, 348, 349, 81, 60, 110, 330, 355, 84, 2, 99, 381, 1, 66, 283, 363, 301, 366, 372, 137, 281, 374, 129, 125, 243, 173, 385, 307, 391, 395, 262, 285, 410, 411, 412, 387, 122, 217, 416, 417, 418]","[0.012337, 0.040194, 0.027448, 0.017669999999999998, 0.013739, 0.047473, 0.027028, 0.027673, 0.012428999999999999, 0.006254999999999999, 0.010494000000000002, 0.009899999999999999, 0.002672, 0.0074529999999999996, 0.007238, 0.00946, 0.008026, 0.090175, 0.017998, 0.030497999999999997, 0.013472999999999999, 0.00949, 0.002068, 0.033467, 0.006102, 0.003235, 0.002089, 0.005375, 0.05379, 0.006481, 0.022431, 0.001996, 0.003624, 0.055192, 0.084329, 0.016084, 0.034788, 0.024765000000000002, 0.005078, 0.005999, 0.019831, 0.006358, 0.001229, 0.001106, 0.001167, 0.001106, 0.001669, 0.004331, 0.008149, 0.001034, 0.001904, 0.016851, 0.0062450000000000006, 0.002355, 0.012029000000000001, 0.008078, 0.0027229999999999997, 0.00644, 0.009009, 0.00172, 0.018520000000000002, 0.00131, 0.039866, 0.003512, 0.0025800000000000003, 0.004863]",Motor octane number,
81.3303,9.1143,train,"[19, 2, 1]","[0.31289300000000003, 0.292668, 0.394438]",Motor octane number,
74.0,7.5591,train,"[10, 15, 1]","[0.42, 0.3, 0.28]",Motor octane number,
58.0,8.1253,train,"[10, 15, 1]","[0.12, 0.4, 0.48]",Motor octane number,
76.2,6.6303,train,"[10, 15, 16, 1]","[0.36, 0.15, 0.15, 0.34]",Motor octane number,
80.1,8.6993,train,"[255, 114, 8, 276, 305, 86, 111, 57, 0, 81, 60, 376, 377, 102, 106, 275, 304, 302, 298, 379, 13, 173, 382, 74]","[0.036487, 0.127739, 0.12282299999999999, 0.182643, 0.038114, 0.10098000000000001, 0.065877, 0.063904, 0.018624, 0.015509, 0.08481299999999999, 0.018555, 0.007616, 0.004604, 0.009312, 0.008066, 0.035725, 0.003877, 0.012116, 0.006543, 0.009174, 0.008793, 0.0035659999999999997, 0.014539]",Motor octane number,
76.2,9.073,train,"[10, 15, 1]","[0.2, 0.5, 0.3]",Motor octane number,
89.0528,9.8683,train,"[344, 2, 260]","[0.13298400000000002, 0.73217, 0.134846]",Motor octane number,
91.3,7.6564,train,"[255, 114, 8, 276, 305, 86, 111, 57, 82, 107, 10, 245, 127, 28, 121, 256, 195, 40, 96, 69, 109, 47, 16, 54, 2, 66, 262, 285, 405, 406, 407, 306, 409]","[0.011163000000000001, 0.045491000000000004, 0.040330000000000005, 0.027117, 0.007495000000000001, 0.002273, 0.001305, 0.018109, 0.001065, 0.000895, 0.109197, 0.0025009999999999998, 0.008158, 0.011001, 0.031225, 0.022151999999999998, 0.008626, 0.000683, 0.00246, 0.001139, 0.0015170000000000001, 0.001798, 0.005096000000000001, 0.000931, 0.6, 0.028244, 0.0006950000000000001, 0.000793, 0.000887, 0.001029, 0.0056040000000000005, 0.0005369999999999999, 0.000484]",Motor octane number,
87.4,6.15,train,"[255, 276, 9, 305, 86, 111, 57, 300, 82, 107, 10, 245, 127, 28, 121, 256, 195, 17, 79, 19, 43, 47, 81, 1, 66, 152, 283, 374, 302, 262, 285, 405, 407, 306]","[0.021152999999999998, 0.084999, 0.046440999999999996, 0.013015, 0.004531, 0.002022, 0.036759, 0.0014119999999999998, 0.018897999999999998, 0.023663, 0.216408, 0.0056289999999999995, 0.016967, 0.021844000000000002, 0.05726200000000001, 0.048555, 0.015718, 0.011146, 0.034097, 0.014366, 0.016144000000000002, 0.001707, 0.103338, 0.021092, 0.054285, 0.002184, 0.001361, 0.001067, 0.09033300000000001, 0.001361, 0.001595, 0.00124, 0.008118, 0.0012900000000000001]",Motor octane number,
89.7,8.415,train,"[10, 15, 2, 1]","[0.135, 0.079, 0.6, 0.18600000000000003]",Motor octane number,
73.2,10.3325,train,"[15, 1]","[0.65, 0.35]",Motor octane number,
84.9,8.7262,train,"[255, 114, 8, 87, 333, 276, 9, 86, 111, 57, 82, 107, 10, 245, 127, 28, 121, 130, 29, 336, 0, 15, 17, 79, 19, 43, 96, 109, 47, 16, 54, 246, 348, 349, 350, 81, 60, 110, 117, 214, 84, 2, 326, 1, 362, 66, 152, 283, 363, 364, 365, 294, 301, 366, 367, 368, 369, 370, 371, 372, 373, 137, 281, 374, 129, 375, 310, 376, 377, 102, 378, 106, 275, 304, 125, 302, 298, 379, 12, 380, 13]","[0.04, 0.007584, 0.005008, 0.005583, 0.002664, 0.005097000000000001, 0.037059, 0.021006, 0.012349, 0.01717, 0.016495, 0.017137, 0.09782199999999999, 0.002565, 0.006025, 0.00848, 0.031587000000000004, 0.00513, 0.001725, 0.005439, 0.004467, 0.039812, 0.006125, 0.015312, 0.005926, 0.018828, 0.022576, 0.029077000000000002, 0.022477, 0.09852999999999999, 0.018552, 0.0058709999999999995, 0.006855, 0.003416, 0.0043230000000000005, 0.083693, 0.008878, 0.002985, 0.006048, 0.003273, 0.003582, 0.00272, 0.002797, 0.013344, 0.002001, 0.033267000000000005, 0.001968, 0.0069759999999999996, 0.063162, 0.001946, 0.001935, 0.003438, 0.001879, 0.002676, 0.002156, 0.004046, 0.002963, 0.00398, 0.0042899999999999995, 0.005815, 0.0012820000000000002, 0.0035930000000000003, 0.0031509999999999997, 0.002642, 0.001802, 0.002189, 0.00335, 0.008723, 0.0048649999999999995, 0.0015260000000000002, 0.003118, 0.003527, 0.007043000000000001, 0.013566, 0.007286, 0.002167, 0.002311, 0.003781, 0.001559, 0.001559, 0.003074]",Motor octane number,
74.5436,9.7094,train,"[114, 8, 344, 108]","[0.35190899999999997, 0.168421, 0.30427499999999996, 0.175394]",Motor octane number,
83.5,9.8808,train,"[10, 15, 1]","[0.34700000000000003, 0.45, 0.203]",Motor octane number,
91.2,9.2884,train,"[10, 15, 2, 1]","[0.1388, 0.18, 0.6, 0.0812]",Motor octane number,
81.5,8.3346,train,"[255, 114, 8, 276, 305, 86, 111, 57, 0, 81, 60, 2, 376, 377, 102, 106, 275, 304, 302, 298, 379, 13, 173, 382, 309, 74]","[0.022987, 0.08047599999999999, 0.077379, 0.11506500000000001, 0.024012, 0.06361699999999999, 0.041503, 0.04026, 0.011733, 0.00977, 0.05343200000000001, 0.07, 0.01169, 0.004798, 0.0029010000000000004, 0.005867, 0.005082, 0.022507000000000003, 0.002443, 0.007633, 0.004122, 0.005778999999999999, 0.005540000000000001, 0.0022459999999999997, 0.3, 0.00916]",Motor octane number,
76.0,8.5018,train,"[255, 114, 8, 276, 305, 86, 111, 57, 0, 81, 60, 376, 377, 102, 106, 275, 304, 302, 298, 379, 13, 173, 382, 309, 74]","[0.010946000000000001, 0.038321999999999995, 0.036847, 0.054793, 0.011434, 0.030293999999999998, 0.019763, 0.019171, 0.005587, 0.004653, 0.025444, 0.005567, 0.002285, 0.001381, 0.0027939999999999996, 0.00242, 0.010718, 0.001163, 0.0036349999999999998, 0.001963, 0.002752, 0.0026379999999999997, 0.00107, 0.7, 0.0043619999999999996]",Motor octane number,
95.3,7.0501,train,"[10, 2, 1]","[0.728, 0.2, 0.07200000000000001]",Motor octane number,
69.0,7.1982,train,"[10, 15, 1]","[0.52, 0.15, 0.33]",Motor octane number,
68.0,6.3356,train,"[10, 15, 2, 1]","[0.425, 0.092, 0.1, 0.38299999999999995]",Motor octane number,
53.0,4.6714,train,"[10, 2, 1]","[0.36, 0.1, 0.54]",Motor octane number,
67.2,7.4067,train,"[10, 15, 84, 1]","[0.36, 0.15, 0.2, 0.29]",Motor octane number,
91.0,10.4017,train,"[16, 2]","[0.4, 0.6]",Motor octane number,
91.4132,8.9846,train,"[344, 1, 108]","[0.360769, 0.16389700000000001, 0.47533499999999995]",Motor octane number,
65.9129,10.1032,train,"[114, 8, 344]","[0.426761, 0.20424499999999998, 0.368995]",Motor octane number,
77.4165,9.5985,train,"[15, 2, 1]","[0.434572, 0.198513, 0.366915]",Motor octane number,
82.4,9.3507,train,"[255, 114, 8, 276, 305, 86, 111, 57, 0, 81, 60, 376, 377, 102, 106, 275, 304, 302, 298, 379, 13, 173, 382, 74, 48]","[0.025541, 0.08941700000000001, 0.085976, 0.12785, 0.026680000000000002, 0.070686, 0.046113999999999995, 0.044733, 0.013037, 0.010856, 0.059369, 0.012988999999999999, 0.005331, 0.0032229999999999997, 0.0065190000000000005, 0.005646, 0.025008, 0.002714, 0.008480999999999999, 0.00458, 0.006422, 0.006155000000000001, 0.002496, 0.010178, 0.3]",Motor octane number,
40.0,8.2686,train,"[10, 1]","[0.4, 0.6]",Motor octane number,
66.9,12.5507,train,"[255, 87, 57, 82, 107, 10, 256, 104, 0, 17, 79, 19, 43, 40, 96, 69, 109, 47, 16, 54, 1, 66, 152, 294, 366, 173, 23]","[0.09161, 0.10222300000000001, 0.002503, 0.12404899999999999, 0.15829000000000001, 0.001502, 0.019523, 0.001702, 0.00821, 0.019323, 0.059470999999999996, 0.024929999999999997, 0.036043, 0.00831, 0.029535, 0.013616, 0.017721, 0.011714, 0.059772, 0.011314, 0.13366, 0.04165, 0.015819, 0.002403, 0.0016020000000000001, 0.002103, 0.0014019999999999998]",Motor octane number,
83.5,8.5613,train,"[255, 114, 8, 276, 305, 86, 111, 57, 0, 81, 60, 2, 376, 377, 102, 106, 275, 304, 302, 298, 379, 13, 173, 382, 74]","[0.032838, 0.114965, 0.110541, 0.164378, 0.034303, 0.090882, 0.05929, 0.057514, 0.016762, 0.013958, 0.07633200000000001, 0.1, 0.0167, 0.006854, 0.004144, 0.008381, 0.007259, 0.032153, 0.003489, 0.010905, 0.005888, 0.008256, 0.007914, 0.003209, 0.013085]",Motor octane number,
83.6,12.2931,train,"[10, 2, 1]","[0.24, 0.4, 0.36]",Motor octane number,
75.9994,8.068,train,"[344, 1, 55]","[0.628876, 0.28569700000000003, 0.085427]",Motor octane number,
75.2,10.3873,train,"[10, 15, 1]","[0.1, 0.6, 0.3]",Motor octane number,
85.0,9.4602,train,"[10, 15, 1]","[0.69, 0.14, 0.17]",Motor octane number,
85.567,8.906,train,"[344, 260, 108]","[0.259162, 0.26279199999999997, 0.478046]",Motor octane number,
48.0,8.3917,train,"[10, 15, 1]","[0.14, 0.3, 0.56]",Motor octane number,
